parameters_m,tokens_b,task,task_label,n,base_acc,hq_acc,gap_acc_pp,base_acc_norm,hq_acc_norm,gap_acc_norm_pp
56,1.049,arc_challenge,ARC-C,1172,0.183447,0.202218,1.8771000000000009,0.213311,0.231229,1.791799999999999
56,1.049,arc_easy,ARC-E,2376,0.41792929292929293,0.45075757575757575,3.282828282828282,0.38552188552188554,0.4010942760942761,1.557239057239057
56,1.049,csqa,CSQA,1221,0.2194922194922195,0.2113022113022113,-0.8190008190008202,0.257985257985258,0.27354627354627353,1.5561015561015523
56,1.049,hellaswag,HellaSwag,10042,0.2640908185620394,0.2674765982871938,0.33857797251543587,0.2688707428799044,0.2689703246365266,0.009958175662216906
56,1.049,mmlu,MMLU,14042,0.2293832787352229,0.22931206380857427,-0.007121492664863283,0.2293832787352229,0.22931206380857427,-0.007121492664863283
56,1.049,openbookqa,OpenBookQA,500,0.142,0.162,2.0000000000000018,0.276,0.284,0.7999999999999952
56,1.049,piqa,PIQA,1838,0.5723612622415669,0.5707290533188248,-0.16322089227420733,0.5631120783460283,0.5658324265505985,0.2720348204570233
56,1.049,sciq,SciQ,1000,0.611,0.628,1.7000000000000015,0.556,0.553,-0.30000000000000027
56,1.049,siqa,SIQA,1954,0.34851586489252817,0.3618219037871034,1.3306038894575212,0.3971340839303992,0.39815762538382804,0.10235414534288667
56,1.049,winogrande,WinoGrande,1267,0.5035516969218626,0.4996053670086819,-0.3946329913180724,0.494869771112865,0.4988161010260458,0.39463299131807794
56,2.097,arc_challenge,ARC-C,1172,0.191126,0.207338,1.6212000000000004,0.221843,0.237201,1.5357999999999983
56,2.097,arc_easy,ARC-E,2376,0.44402356902356904,0.48484848484848486,4.082491582491582,0.39941077441077444,0.4297138047138047,3.0303030303030276
56,2.097,csqa,CSQA,1221,0.24897624897624898,0.24488124488124488,-0.4095004095004101,0.27764127764127766,0.26945126945126946,-0.8190008190008202
56,2.097,hellaswag,HellaSwag,10042,0.27325234017128064,0.27394941246763593,0.06970722963552944,0.27823142800239,0.27972515435172274,0.1493726349332758
56,2.097,mmlu,MMLU,14042,0.22931206380857427,0.23030907278165502,0.09970089730807485,0.22931206380857427,0.23030907278165502,0.09970089730807485
56,2.097,openbookqa,OpenBookQA,500,0.16,0.146,-1.4000000000000012,0.29,0.274,-1.5999999999999959
56,2.097,piqa,PIQA,1838,0.5984766050054406,0.5810663764961915,-1.7410228509249115,0.5963003264417845,0.5761697497279652,-2.013057671381935
56,2.097,sciq,SciQ,1000,0.706,0.72,1.4000000000000012,0.62,0.632,1.200000000000001
56,2.097,siqa,SIQA,1954,0.3510747185261003,0.3766632548618219,2.558853633572161,0.3971340839303992,0.4124872057318321,1.5353121801432945
56,2.097,winogrande,WinoGrande,1267,0.5090765588003157,0.5201262825572218,1.104972375690616,0.4996053670086819,0.4988161010260458,-0.07892659826361226
56,3.146,arc_challenge,ARC-C,1172,0.186007,0.203072,1.7064999999999997,0.225256,0.239761,1.450499999999999
56,3.146,arc_easy,ARC-E,2376,0.45791245791245794,0.5004208754208754,4.250841750841749,0.4225589225589226,0.4436026936026936,2.104377104377103
56,3.146,csqa,CSQA,1221,0.2571662571662572,0.25634725634725636,-0.08190008190008258,0.2858312858312858,0.2719082719082719,-1.3923013923013927
56,3.146,hellaswag,HellaSwag,10042,0.2748456482772356,0.27942640908185623,0.45807608046206094,0.28281218880701053,0.2887870942043418,0.5974905397331254
56,3.146,mmlu,MMLU,14042,0.23201823102122204,0.22931206380857427,-0.270616721264777,0.23201823102122204,0.22931206380857427,-0.270616721264777
56,3.146,openbookqa,OpenBookQA,500,0.148,0.16,1.200000000000001,0.292,0.286,-0.6000000000000005
56,3.146,piqa,PIQA,1838,0.5968443960826986,0.5908596300326442,-0.598476605005438,0.5963003264417845,0.5875952121871599,-0.8705114254624613
56,3.146,sciq,SciQ,1000,0.702,0.733,3.1000000000000028,0.637,0.636,-0.10000000000000009
56,3.146,siqa,SIQA,1954,0.3577277379733879,0.37154554759467756,1.3817809621289645,0.413510747185261,0.40583418628454454,-0.7676560900716445
56,3.146,winogrande,WinoGrande,1267,0.5114443567482242,0.5177584846093133,0.6314127861089092,0.4925019731649566,0.505130228887135,1.2628255722178405
56,4.194,arc_challenge,ARC-C,1172,0.190273,0.213311,2.3038000000000003,0.232935,0.244881,1.1945999999999986
56,4.194,arc_easy,ARC-E,2376,0.4621212121212121,0.5117845117845118,4.966329966329969,0.4090909090909091,0.44065656565656564,3.156565656565652
56,4.194,csqa,CSQA,1221,0.25552825552825553,0.24733824733824733,-0.8190008190008202,0.28501228501228504,0.2833742833742834,-0.16380016380016515
56,4.194,hellaswag,HellaSwag,10042,0.2771360286795459,0.27833100975901215,0.11949810794662508,0.29087831109340767,0.2961561441943836,0.5277833100975904
56,4.194,mmlu,MMLU,14042,0.23144851160803304,0.22810141005554765,-0.3347101552485382,0.23144851160803304,0.22810141005554765,-0.3347101552485382
56,4.194,openbookqa,OpenBookQA,500,0.16,0.17,1.0000000000000009,0.286,0.31,2.400000000000002
56,4.194,piqa,PIQA,1838,0.6115342763873776,0.6066376496191512,-0.4896626768226331,0.6033732317736671,0.5914036996735582,-1.196953210010887
56,4.194,sciq,SciQ,1000,0.718,0.73,1.200000000000001,0.619,0.644,2.500000000000002
56,4.194,siqa,SIQA,1954,0.37154554759467756,0.37308085977482086,0.15353121801433,0.4124872057318321,0.40583418628454454,-0.6653019447287578
56,4.194,winogrande,WinoGrande,1267,0.510655090765588,0.505130228887135,-0.5524861878453025,0.5082872928176796,0.4956590370955012,-1.2628255722178405
56,5.243,arc_challenge,ARC-C,1172,0.192833,0.214164,2.133099999999999,0.239761,0.25,1.0238999999999998
56,5.243,arc_easy,ARC-E,2376,0.476010101010101,0.5214646464646465,4.545454545454552,0.42592592592592593,0.4654882154882155,3.9562289562289576
56,5.243,csqa,CSQA,1221,0.2596232596232596,0.26044226044226043,0.08190008190008258,0.2833742833742834,0.2915642915642916,0.8190008190008202
56,5.243,hellaswag,HellaSwag,10042,0.27962557259510057,0.2787293367855009,-0.08962358095996881,0.2927703644692292,0.297450707030472,0.46803425612427785
56,5.243,mmlu,MMLU,14042,0.23372738926078906,0.23009542800170915,-0.36319612590799133,0.23372738926078906,0.23009542800170915,-0.36319612590799133
56,5.243,openbookqa,OpenBookQA,500,0.142,0.18,3.8000000000000007,0.296,0.32,2.400000000000002
56,5.243,piqa,PIQA,1838,0.6186071817192601,0.6109902067464635,-0.7616974972796564,0.6077257889009793,0.5919477693144722,-1.5778019586507042
56,5.243,sciq,SciQ,1000,0.707,0.731,2.400000000000002,0.62,0.65,3.0000000000000027
56,5.243,siqa,SIQA,1954,0.3607983623336745,0.38178096212896623,2.098259979529171,0.4007164790174002,0.4104401228249744,0.9723643807574178
56,5.243,winogrande,WinoGrande,1267,0.4996053670086819,0.5074980268350434,0.7892659826361503,0.5027624309392266,0.4972375690607735,-0.552486187845308
56,6.291,arc_challenge,ARC-C,1172,0.185154,0.203072,1.791799999999999,0.244881,0.25256,0.7679000000000019
56,6.291,arc_easy,ARC-E,2376,0.4797979797979798,0.5248316498316499,4.503367003367009,0.4234006734006734,0.4692760942760943,4.58754208754209
56,6.291,csqa,CSQA,1221,0.24242424242424243,0.2784602784602785,3.603603603603606,0.27927927927927926,0.294021294021294,1.4742014742014753
56,6.291,hellaswag,HellaSwag,10042,0.27743477394941246,0.27823142800239,0.0796654052977519,0.29486158135829516,0.29944234216291576,0.45807608046206094
56,6.291,mmlu,MMLU,14042,0.23009542800170915,0.23023785785500642,0.014242985329726565,0.23009542800170915,0.23023785785500642,0.014242985329726565
56,6.291,openbookqa,OpenBookQA,500,0.154,0.174,1.9999999999999991,0.286,0.302,1.6000000000000014
56,6.291,piqa,PIQA,1838,0.6175190424374319,0.6142546245919478,-0.32644178454841466,0.6099020674646355,0.6066376496191512,-0.32644178454842576
56,6.291,sciq,SciQ,1000,0.726,0.745,1.9000000000000017,0.633,0.665,3.200000000000003
56,6.291,siqa,SIQA,1954,0.3618219037871034,0.36489252814739,0.30706243602866,0.4109518935516888,0.41146366427840325,0.051177072671443335
56,6.291,winogrande,WinoGrande,1267,0.505130228887135,0.5122336227308603,0.710339384372527,0.5059194948697711,0.5027624309392266,-0.31570639305444903
56,7.34,arc_challenge,ARC-C,1172,0.188567,0.214164,2.559699999999998,0.243174,0.253413,1.0238999999999998
56,7.34,arc_easy,ARC-E,2376,0.48695286195286197,0.5244107744107744,3.7457912457912466,0.41835016835016836,0.4654882154882155,4.7138047138047146
56,7.34,csqa,CSQA,1221,0.26044226044226043,0.27927927927927926,1.8837018837018826,0.27682227682227684,0.2841932841932842,0.7371007371007376
56,7.34,hellaswag,HellaSwag,10042,0.2800238996215893,0.27992431786496713,-0.009958175662216906,0.2909778928500299,0.30322644891455885,1.224855606452896
56,7.34,mmlu,MMLU,14042,0.2299529981484119,0.23009542800170915,0.01424298532972379,0.2299529981484119,0.23009542800170915,0.01424298532972379
56,7.34,openbookqa,OpenBookQA,500,0.16,0.17,1.0000000000000009,0.282,0.296,1.4000000000000012
56,7.34,piqa,PIQA,1838,0.6066376496191512,0.6001088139281828,-0.6528835690968404,0.6082698585418934,0.6104461371055495,0.21762785636560977
56,7.34,sciq,SciQ,1000,0.722,0.741,1.9000000000000017,0.641,0.657,1.6000000000000014
56,7.34,siqa,SIQA,1954,0.36489252814739,0.37563971340839303,1.0747185261003045,0.4119754350051177,0.417093142272262,0.5117707267144334
56,7.34,winogrande,WinoGrande,1267,0.5153906866614049,0.5256511444356748,1.0260457774269982,0.5098658247829518,0.510655090765588,0.07892659826361781
56,8.389,arc_challenge,ARC-C,1172,0.203072,0.214164,1.109199999999999,0.242321,0.246587,0.4265999999999992
56,8.389,arc_easy,ARC-E,2376,0.4861111111111111,0.5260942760942761,3.9983164983164956,0.43308080808080807,0.4890572390572391,5.597643097643101
56,8.389,csqa,CSQA,1221,0.23832923832923833,0.29238329238329236,5.405405405405403,0.2841932841932842,0.3022113022113022,1.8018018018018
56,8.389,hellaswag,HellaSwag,10042,0.27833100975901215,0.2811192989444334,0.2788289185421233,0.30083648675562635,0.3043218482374029,0.34853614817765277
56,8.389,mmlu,MMLU,14042,0.22945449366187154,0.22945449366187154,0.0,0.22945449366187154,0.22945449366187154,0.0
56,8.389,openbookqa,OpenBookQA,500,0.158,0.2,4.200000000000001,0.282,0.288,0.6000000000000005
56,8.389,piqa,PIQA,1838,0.6153427638737758,0.6147986942328618,-0.05440696409140244,0.6131664853101197,0.6142546245919478,0.10881392818280489
56,8.389,sciq,SciQ,1000,0.742,0.751,0.9000000000000008,0.635,0.69,5.499999999999994
56,8.389,siqa,SIQA,1954,0.3587512794268168,0.3694984646878199,1.07471852610031,0.40992835209826,0.4119754350051177,0.2047082906857678
56,8.389,winogrande,WinoGrande,1267,0.5201262825572218,0.5098658247829518,-1.0260457774269982,0.4980268350434096,0.5019731649565904,0.39463299131807794
56,9.437,arc_challenge,ARC-C,1172,0.200512,0.215017,1.4505000000000017,0.249147,0.256826,0.7678999999999991
56,9.437,arc_easy,ARC-E,2376,0.49537037037037035,0.5012626262626263,0.5892255892255949,0.4313973063973064,0.45286195286195285,2.146464646464646
56,9.437,csqa,CSQA,1221,0.24078624078624078,0.2571662571662572,1.6380016380016404,0.28992628992628994,0.2882882882882883,-0.16380016380016515
56,9.437,hellaswag,HellaSwag,10042,0.28231428002389963,0.27992431786496713,-0.23899621589325015,0.29685321649073887,0.304919338777136,0.8066122286397137
56,9.437,mmlu,MMLU,14042,0.23109243697478993,0.23052271756160092,-0.05697194131890071,0.23109243697478993,0.23052271756160092,-0.05697194131890071
56,9.437,openbookqa,OpenBookQA,500,0.152,0.182,3.0,0.28,0.308,2.799999999999997
56,9.437,piqa,PIQA,1838,0.6158868335146899,0.6115342763873776,-0.43525571273123065,0.6180631120783461,0.6077257889009793,-1.0337323177366797
56,9.437,sciq,SciQ,1000,0.733,0.736,0.30000000000000027,0.642,0.651,0.9000000000000008
56,9.437,siqa,SIQA,1954,0.36489252814739,0.3633572159672467,-0.15353121801433,0.406345957011259,0.40583418628454454,-0.051177072671443335
56,9.437,winogrande,WinoGrande,1267,0.4988161010260458,0.5074980268350434,0.8681925808997626,0.48855564325177586,0.49171270718232046,0.31570639305446013
56,10.486,arc_challenge,ARC-C,1172,0.196246,0.213311,1.7064999999999997,0.237201,0.250853,1.3651999999999997
56,10.486,arc_easy,ARC-E,2376,0.49537037037037035,0.5290404040404041,3.367003367003374,0.4271885521885522,0.4823232323232323,5.513468013468015
56,10.486,csqa,CSQA,1221,0.2457002457002457,0.2784602784602785,3.2760032760032782,0.27436527436527436,0.29975429975429974,2.538902538902538
56,10.486,hellaswag,HellaSwag,10042,0.27902808205536744,0.2840071698864768,0.4979087831109341,0.29864568810993825,0.3021310495917148,0.34853614817765277
56,10.486,mmlu,MMLU,14042,0.2299529981484119,0.22981056829511465,-0.014242985329726565,0.2299529981484119,0.22981056829511465,-0.014242985329726565
56,10.486,openbookqa,OpenBookQA,500,0.144,0.186,4.200000000000001,0.29,0.304,1.4000000000000012
56,10.486,piqa,PIQA,1838,0.6147986942328618,0.6137105549510338,-0.10881392818280489,0.6147986942328618,0.6153427638737758,0.05440696409140244
56,10.486,sciq,SciQ,1000,0.746,0.766,2.0000000000000018,0.639,0.706,6.699999999999995
56,10.486,siqa,SIQA,1954,0.3633572159672467,0.3751279426816786,1.1770726714431912,0.40736949846468784,0.41299897645854655,0.5629477993858711
56,10.486,winogrande,WinoGrande,1267,0.5074980268350434,0.5272296764009471,1.9731649565903675,0.5059194948697711,0.4964483030781373,-0.9471191791633748
56,11.534,arc_challenge,ARC-C,1172,0.199659,0.205631,0.5972000000000005,0.255973,0.242321,-1.3651999999999997
56,11.534,arc_easy,ARC-E,2376,0.4903198653198653,0.5281986531986532,3.78787878787879,0.4276094276094276,0.476010101010101,4.840067340067339
56,11.534,csqa,CSQA,1221,0.23996723996723995,0.27354627354627353,3.357903357903358,0.2702702702702703,0.30303030303030304,3.2760032760032756
56,11.534,hellaswag,HellaSwag,10042,0.2832105158334993,0.2819159529974109,-0.12945628360884198,0.3000398327026489,0.3071101374228241,0.7070304720175224
56,11.534,mmlu,MMLU,14042,0.2299529981484119,0.23016664292835778,0.021364477994587072,0.2299529981484119,0.23016664292835778,0.021364477994587072
56,11.534,openbookqa,OpenBookQA,500,0.158,0.19,3.2,0.288,0.294,0.6000000000000005
56,11.534,piqa,PIQA,1838,0.6218715995647442,0.6191512513601741,-0.2720348204570122,0.6164309031556039,0.6186071817192601,0.21762785636562088
56,11.534,sciq,SciQ,1000,0.742,0.756,1.4000000000000012,0.628,0.689,6.099999999999994
56,11.534,siqa,SIQA,1954,0.3618219037871034,0.38024564994882293,1.8423746161719545,0.41146366427840325,0.4181166837256909,0.6653019447287634
56,11.534,winogrande,WinoGrande,1267,0.5185477505919495,0.5185477505919495,0.0,0.5035516969218626,0.5011838989739542,-0.23677979479084232
56,12.583,arc_challenge,ARC-C,1172,0.194539,0.205631,1.1092000000000017,0.233788,0.25256,1.877200000000001
56,12.583,arc_easy,ARC-E,2376,0.4970538720538721,0.5155723905723906,1.851851851851849,0.43686868686868685,0.4764309764309764,3.9562289562289576
56,12.583,csqa,CSQA,1221,0.25225225225225223,0.25552825552825553,0.3276003276003303,0.27682227682227684,0.28665028665028663,0.9828009828009798
56,12.583,hellaswag,HellaSwag,10042,0.28201553475403307,0.28589922326229833,0.38836885082652595,0.2989444333798048,0.3080063732324238,0.9061939852618994
56,12.583,mmlu,MMLU,14042,0.23030907278165502,0.23016664292835778,-0.01424298532972379,0.23030907278165502,0.23016664292835778,-0.01424298532972379
56,12.583,openbookqa,OpenBookQA,500,0.158,0.19,3.2,0.294,0.296,0.20000000000000018
56,12.583,piqa,PIQA,1838,0.6191512513601741,0.6186071817192601,-0.05440696409140244,0.6169749727965179,0.6099020674646355,-0.7072905331882429
56,12.583,sciq,SciQ,1000,0.744,0.754,1.0000000000000009,0.655,0.674,1.9000000000000017
56,12.583,siqa,SIQA,1954,0.3607983623336745,0.3725690890481064,1.1770726714431912,0.4048106448311157,0.40992835209826,0.5117707267144334
56,12.583,winogrande,WinoGrande,1267,0.5138121546961326,0.5019731649565904,-1.1838989739542227,0.4972375690607735,0.5146014206787688,1.7363851617995307
56,13.631,arc_challenge,ARC-C,1172,0.197952,0.215017,1.7065000000000023,0.238908,0.255119,1.6210999999999975
56,13.631,arc_easy,ARC-E,2376,0.49452861952861954,0.5151515151515151,2.0622895622895596,0.44023569023569026,0.47685185185185186,3.66161616161616
56,13.631,csqa,CSQA,1221,0.26126126126126126,0.2571662571662572,-0.40950040950040734,0.28665028665028663,0.28992628992628994,0.3276003276003303
56,13.631,hellaswag,HellaSwag,10042,0.2811192989444334,0.2848038239394543,0.36845249950209213,0.3004381597291376,0.30720971917944634,0.6771559450308717
56,13.631,mmlu,MMLU,14042,0.22973935336846604,0.2304515026349523,0.0712149266486245,0.22973935336846604,0.2304515026349523,0.0712149266486245
56,13.631,openbookqa,OpenBookQA,500,0.164,0.186,2.1999999999999993,0.294,0.302,0.8000000000000007
56,13.631,piqa,PIQA,1838,0.6213275299238302,0.6229597388465724,0.16322089227421843,0.6218715995647442,0.6153427638737758,-0.6528835690968404
56,13.631,sciq,SciQ,1000,0.733,0.759,2.6000000000000023,0.644,0.677,3.300000000000003
56,13.631,siqa,SIQA,1954,0.3541453428863869,0.37871033776867963,2.4564994882292748,0.4078812691914023,0.41453428863868985,0.6653019447287578
56,13.631,winogrande,WinoGrande,1267,0.5138121546961326,0.5114443567482242,-0.23677979479084232,0.5074980268350434,0.5074980268350434,0.0
56,14.68,arc_challenge,ARC-C,1172,0.201365,0.227816,2.6451000000000002,0.245734,0.258532,1.2797999999999976
56,14.68,arc_easy,ARC-E,2376,0.5037878787878788,0.5172558922558923,1.3468013468013518,0.4356060606060606,0.476010101010101,4.040404040404039
56,14.68,csqa,CSQA,1221,0.25634725634725636,0.26453726453726456,0.8190008190008202,0.2833742833742834,0.2841932841932842,0.08190008190008258
56,14.68,hellaswag,HellaSwag,10042,0.28211511651065524,0.28450507866958774,0.23899621589325015,0.3027285401314479,0.30850428201553476,0.577574188408686
56,14.68,mmlu,MMLU,14042,0.2293832787352229,0.2310212220481413,0.16379433129183885,0.2293832787352229,0.2310212220481413,0.16379433129183885
56,14.68,openbookqa,OpenBookQA,500,0.164,0.172,0.7999999999999979,0.308,0.312,0.40000000000000036
56,14.68,piqa,PIQA,1838,0.6218715995647442,0.6131664853101197,-0.8705114254624502,0.6131664853101197,0.6126224156692056,-0.054406964091413546
56,14.68,sciq,SciQ,1000,0.744,0.75,0.6000000000000005,0.634,0.692,5.799999999999994
56,14.68,siqa,SIQA,1954,0.36745138178096215,0.3766632548618219,0.9211873080859745,0.4104401228249744,0.40992835209826,-0.051177072671437784
56,14.68,winogrande,WinoGrande,1267,0.5177584846093133,0.5059194948697711,-1.1838989739542227,0.5011838989739542,0.5067087608524072,0.5524861878453025
56,15.729,arc_challenge,ARC-C,1172,0.19198,0.208191,1.6210999999999975,0.235495,0.240614,0.5118999999999985
56,15.729,arc_easy,ARC-E,2376,0.5050505050505051,0.5218855218855218,1.6835016835016758,0.45075757575757575,0.4802188552188552,2.9461279461279464
56,15.729,csqa,CSQA,1221,0.2571662571662572,0.26453726453726456,0.7371007371007376,0.29074529074529076,0.2972972972972973,0.6552006552006551
56,15.729,hellaswag,HellaSwag,10042,0.2840071698864768,0.28540131447918743,0.13941445927106444,0.3031268671579367,0.3110934076877116,0.7966540529774913
56,15.729,mmlu,MMLU,14042,0.2293832787352229,0.2313060817547358,0.1922803019512892,0.2293832787352229,0.2313060817547358,0.1922803019512892
56,15.729,openbookqa,OpenBookQA,500,0.17,0.178,0.7999999999999979,0.294,0.314,2.0000000000000018
56,15.729,piqa,PIQA,1838,0.6191512513601741,0.6213275299238302,0.21762785636560977,0.6093579978237215,0.6218715995647442,1.2513601741022784
56,15.729,sciq,SciQ,1000,0.746,0.755,0.9000000000000008,0.665,0.692,2.6999999999999913
56,15.729,siqa,SIQA,1954,0.3618219037871034,0.36489252814739,0.30706243602866,0.417093142272262,0.4032753326509724,-1.3817809621289645
56,15.729,winogrande,WinoGrande,1267,0.5153906866614049,0.5201262825572218,0.47355958958169575,0.5027624309392266,0.5059194948697711,0.31570639305444903
56,16.777,arc_challenge,ARC-C,1172,0.203925,0.226962,2.3037,0.237201,0.25,1.2799000000000005
56,16.777,arc_easy,ARC-E,2376,0.5037878787878788,0.5227272727272727,1.8939393939393923,0.4385521885521885,0.4751683501683502,3.6616161616161658
56,16.777,csqa,CSQA,1221,0.25552825552825553,0.2588042588042588,0.32760032760032476,0.2833742833742834,0.2882882882882883,0.4914004914004899
56,16.777,hellaswag,HellaSwag,10042,0.2831109340768771,0.28540131447918743,0.22903804023103325,0.3027285401314479,0.30999800836486757,0.7269468233419674
56,16.777,mmlu,MMLU,14042,0.23016664292835778,0.22902720410197977,-0.11394388263780142,0.23016664292835778,0.22902720410197977,-0.11394388263780142
56,16.777,openbookqa,OpenBookQA,500,0.16,0.186,2.5999999999999996,0.302,0.3,-0.20000000000000018
56,16.777,piqa,PIQA,1838,0.6229597388465724,0.6147986942328618,-0.8161044613710589,0.6202393906420022,0.6175190424374319,-0.2720348204570233
56,16.777,sciq,SciQ,1000,0.746,0.766,2.0000000000000018,0.643,0.699,5.599999999999994
56,16.777,siqa,SIQA,1954,0.3556806550665302,0.3705220061412487,1.4841351074718512,0.4032753326509724,0.40736949846468784,0.4094165813715467
56,16.777,winogrande,WinoGrande,1267,0.5074980268350434,0.5185477505919495,1.104972375690605,0.500394632991318,0.5067087608524072,0.6314127861089203
56,17.826,arc_challenge,ARC-C,1172,0.199659,0.226109,2.645,0.243174,0.253413,1.0238999999999998
56,17.826,arc_easy,ARC-E,2376,0.49663299663299665,0.5168350168350169,2.020202020202022,0.4335016835016835,0.47095959595959597,3.7457912457912466
56,17.826,csqa,CSQA,1221,0.25634725634725636,0.2727272727272727,1.638001638001635,0.2833742833742834,0.29484029484029484,1.146601146601145
56,17.826,hellaswag,HellaSwag,10042,0.28430591515634335,0.28440549691296557,0.009958175662222457,0.30472017526389167,0.3080063732324238,0.3286197968532134
56,17.826,mmlu,MMLU,14042,0.22945449366187154,0.2335137444808432,0.4059250818971655,0.22945449366187154,0.2335137444808432,0.4059250818971655
56,17.826,openbookqa,OpenBookQA,500,0.152,0.178,2.5999999999999996,0.302,0.3,-0.20000000000000018
56,17.826,piqa,PIQA,1838,0.6224156692056583,0.6175190424374319,-0.4896626768226331,0.6213275299238302,0.6202393906420022,-0.10881392818280489
56,17.826,sciq,SciQ,1000,0.746,0.768,2.200000000000002,0.657,0.685,2.8000000000000025
56,17.826,siqa,SIQA,1954,0.3556806550665302,0.3710337768679631,1.5353121801432945,0.40890481064483114,0.4119754350051177,0.30706243602865446
56,17.826,winogrande,WinoGrande,1267,0.5288082083662194,0.5209155485398579,-0.7892659826361559,0.5138121546961326,0.5114443567482242,-0.23677979479084232
56,18.874,arc_challenge,ARC-C,1172,0.207338,0.211604,0.4265999999999992,0.251706,0.248294,-0.34119999999999984
56,18.874,arc_easy,ARC-E,2376,0.5164141414141414,0.5370370370370371,2.0622895622895654,0.44907407407407407,0.48442760942760943,3.535353535353536
56,18.874,csqa,CSQA,1221,0.266994266994267,0.26371826371826373,-0.32760032760032476,0.29484029484029484,0.30384930384930386,0.9009009009009028
56,18.874,hellaswag,HellaSwag,10042,0.284106751643099,0.2855008962358096,0.1394144592710589,0.3042222664807807,0.3104959171479785,0.6273650667197761
56,18.874,mmlu,MMLU,14042,0.22959692351516878,0.2355077624270047,0.5910838911835914,0.22959692351516878,0.2355077624270047,0.5910838911835914
56,18.874,openbookqa,OpenBookQA,500,0.162,0.166,0.40000000000000036,0.306,0.304,-0.20000000000000018
56,18.874,piqa,PIQA,1838,0.6207834602829162,0.6180631120783461,-0.2720348204570122,0.6164309031556039,0.6251360174102285,0.8705114254624613
56,18.874,sciq,SciQ,1000,0.754,0.77,1.6000000000000014,0.676,0.691,1.4999999999999902
56,18.874,siqa,SIQA,1954,0.3602865916069601,0.37154554759467756,1.1258955987717478,0.41299897645854655,0.4150460593654043,0.20470829068577334
56,18.874,winogrande,WinoGrande,1267,0.5288082083662194,0.5130228887134964,-1.5785319652723007,0.5177584846093133,0.4964483030781373,-2.131018153117598
56,19.923,arc_challenge,ARC-C,1172,0.198805,0.227816,2.9010999999999982,0.242321,0.255973,1.3651999999999997
56,19.923,arc_easy,ARC-E,2376,0.5176767676767676,0.5361952861952862,1.85185185185186,0.4541245791245791,0.484006734006734,2.9882154882154897
56,19.923,csqa,CSQA,1221,0.26371826371826373,0.26945126945126946,0.5733005733005725,0.2915642915642916,0.30303030303030304,1.146601146601145
56,19.923,hellaswag,HellaSwag,10042,0.28669587731527585,0.28599880501892055,-0.06970722963552944,0.30760804620593507,0.3149770961959769,0.7369049990041843
56,19.923,mmlu,MMLU,14042,0.2293832787352229,0.23308645492095142,0.37031761857285184,0.2293832787352229,0.23308645492095142,0.37031761857285184
56,19.923,openbookqa,OpenBookQA,500,0.162,0.174,1.1999999999999984,0.306,0.308,0.20000000000000018
56,19.923,piqa,PIQA,1838,0.6240478781284005,0.6256800870511425,0.16322089227420733,0.6229597388465724,0.6289445048966268,0.598476605005438
56,19.923,sciq,SciQ,1000,0.749,0.77,2.100000000000002,0.669,0.694,2.499999999999991
56,19.923,siqa,SIQA,1954,0.3546571136131013,0.372057318321392,1.7400204708290679,0.4094165813715456,0.41453428863868985,0.5117707267144278
56,19.923,winogrande,WinoGrande,1267,0.5090765588003157,0.5114443567482242,0.23677979479085343,0.5074980268350434,0.4996053670086819,-0.7892659826361503
56,19.999,arc_challenge,ARC-C,1172,0.200512,0.226962,2.645,0.244027,0.257679,1.3651999999999997
56,19.999,arc_easy,ARC-E,2376,0.5185185185185185,0.5332491582491582,1.4730639730639705,0.4524410774410774,0.48063973063973064,2.8198653198653223
56,19.999,csqa,CSQA,1221,0.26535626535626533,0.26945126945126946,0.4095004095004129,0.2915642915642916,0.30057330057330056,0.9009009009008973
56,19.999,hellaswag,HellaSwag,10042,0.28689504082852024,0.2861979685321649,-0.069707229635535,0.30651264688309104,0.3152758414658435,0.8763194582752432
56,19.999,mmlu,MMLU,14042,0.22952570858852014,0.2321606608745193,0.2634952285999165,0.22952570858852014,0.2321606608745193,0.2634952285999165
56,19.999,openbookqa,OpenBookQA,500,0.158,0.174,1.5999999999999988,0.306,0.308,0.20000000000000018
56,19.999,piqa,PIQA,1838,0.6245919477693145,0.6294885745375408,0.4896626768226331,0.6251360174102285,0.6284004352557128,0.32644178454842576
56,19.999,sciq,SciQ,1000,0.75,0.766,1.6000000000000014,0.67,0.694,2.399999999999991
56,19.999,siqa,SIQA,1954,0.353121801432958,0.3725690890481064,1.9447287615148412,0.4094165813715456,0.41146366427840325,0.2047082906857678
56,19.999,winogrande,WinoGrande,1267,0.5130228887134964,0.5153906866614049,0.23677979479084232,0.5090765588003157,0.4925019731649566,-1.6574585635359074
143,1.049,arc_challenge,ARC-C,1172,0.188567,0.193686,0.5118999999999985,0.226109,0.237201,1.109199999999999
143,1.049,arc_easy,ARC-E,2376,0.43897306397306396,0.4713804713804714,3.240740740740744,0.3939393939393939,0.42003367003367004,2.6094276094276116
143,1.049,csqa,CSQA,1221,0.22358722358722358,0.2375102375102375,1.3923013923013927,0.2678132678132678,0.26535626535626533,-0.24570024570024773
143,1.049,hellaswag,HellaSwag,10042,0.2696673969328819,0.2725552678749253,0.28878709420434023,0.2753435570603465,0.27823142800239,0.2887870942043458
143,1.049,mmlu,MMLU,14042,0.23265916536105968,0.22981056829511465,-0.28485970659450355,0.23265916536105968,0.22981056829511465,-0.28485970659450355
143,1.049,openbookqa,OpenBookQA,500,0.152,0.15,-0.20000000000000018,0.292,0.286,-0.6000000000000005
143,1.049,piqa,PIQA,1838,0.5984766050054406,0.5957562568008705,-0.2720348204570122,0.5941240478781284,0.5870511425462459,-0.707290533188254
143,1.049,sciq,SciQ,1000,0.634,0.658,2.400000000000002,0.572,0.574,0.20000000000000018
143,1.049,siqa,SIQA,1954,0.35209825997952915,0.3500511770726714,-0.20470829068577334,0.40736949846468784,0.4002047082906858,-0.7164790174002067
143,1.049,winogrande,WinoGrande,1267,0.5074980268350434,0.5082872928176796,0.07892659826361781,0.4940805051302289,0.5011838989739542,0.7103393843725325
143,2.097,arc_challenge,ARC-C,1172,0.203925,0.21587,1.194500000000001,0.233788,0.254266,2.0477999999999996
143,2.097,arc_easy,ARC-E,2376,0.4831649831649832,0.5109427609427609,2.7777777777777732,0.42297979797979796,0.4515993265993266,2.8619528619528656
143,2.097,csqa,CSQA,1221,0.23996723996723995,0.2538902538902539,1.3923013923013927,0.276003276003276,0.28665028665028663,1.0647010647010624
143,2.097,hellaswag,HellaSwag,10042,0.2801234813782115,0.2789285002987453,-0.11949810794662508,0.3009360685122486,0.30233021310495917,0.1394144592710589
143,2.097,mmlu,MMLU,14042,0.23258795043441105,0.23109243697478993,-0.14955134596211228,0.23258795043441105,0.23109243697478993,-0.14955134596211228
143,2.097,openbookqa,OpenBookQA,500,0.17,0.154,-1.6000000000000014,0.292,0.29,-0.20000000000000018
143,2.097,piqa,PIQA,1838,0.6196953210010882,0.6088139281828074,-1.088139281828071,0.5995647442872688,0.6050054406964092,0.5440696409140355
143,2.097,sciq,SciQ,1000,0.735,0.739,0.40000000000000036,0.627,0.65,2.300000000000002
143,2.097,siqa,SIQA,1954,0.36489252814739,0.3679631525076766,0.30706243602866,0.41299897645854655,0.3986693961105425,-1.4329580348004078
143,2.097,winogrande,WinoGrande,1267,0.5177584846093133,0.5098658247829518,-0.7892659826361448,0.5185477505919495,0.5019731649565904,-1.6574585635359074
143,3.146,arc_challenge,ARC-C,1172,0.213311,0.228669,1.535800000000001,0.25,0.261945,1.1944999999999983
143,3.146,arc_easy,ARC-E,2376,0.5054713804713805,0.5366161616161617,3.114478114478114,0.46380471380471383,0.4936868686868687,2.9882154882154843
143,3.146,csqa,CSQA,1221,0.28173628173628174,0.2727272727272727,-0.9009009009009028,0.3013923013923014,0.31122031122031124,0.9828009828009854
143,3.146,hellaswag,HellaSwag,10042,0.2847042421828321,0.2870942043417646,0.23899621589325015,0.3089026090420235,0.3192591117307309,1.0356502688707414
143,3.146,mmlu,MMLU,14042,0.2335849594074918,0.23080757726819542,-0.2777382139296375,0.2335849594074918,0.23080757726819542,-0.2777382139296375
143,3.146,openbookqa,OpenBookQA,500,0.162,0.156,-0.6000000000000005,0.294,0.304,1.0000000000000009
143,3.146,piqa,PIQA,1838,0.6218715995647442,0.6137105549510338,-0.8161044613710478,0.6256800870511425,0.6093579978237215,-1.6322089227421066
143,3.146,sciq,SciQ,1000,0.746,0.766,2.0000000000000018,0.654,0.692,3.7999999999999923
143,3.146,siqa,SIQA,1954,0.3623336745138178,0.36438075742067555,0.20470829068577334,0.4109518935516888,0.40890481064483114,-0.2047082906857678
143,3.146,winogrande,WinoGrande,1267,0.5027624309392266,0.5114443567482242,0.8681925808997626,0.4980268350434096,0.4988161010260458,0.07892659826361781
143,4.194,arc_challenge,ARC-C,1172,0.21587,0.243174,2.7303999999999995,0.248294,0.270478,2.218400000000001
143,4.194,arc_easy,ARC-E,2376,0.5281986531986532,0.5513468013468014,2.314814814814814,0.4659090909090909,0.5168350168350169,5.092592592592599
143,4.194,csqa,CSQA,1221,0.28173628173628174,0.2719082719082719,-0.9828009828009854,0.30303030303030304,0.30794430794430794,0.4914004914004899
143,4.194,hellaswag,HellaSwag,10042,0.2923720374427405,0.2929695279824736,0.05974905397331254,0.32154949213304124,0.32523401712806216,0.36845249950209213
143,4.194,mmlu,MMLU,14042,0.23201823102122204,0.2347243982338698,0.270616721264777,0.23201823102122204,0.2347243982338698,0.270616721264777
143,4.194,openbookqa,OpenBookQA,500,0.182,0.174,-0.8000000000000007,0.304,0.304,0.0
143,4.194,piqa,PIQA,1838,0.6316648531011969,0.6202393906420022,-1.1425462459194735,0.6338411316648531,0.6017410228509249,-3.210010881392822
143,4.194,sciq,SciQ,1000,0.752,0.783,3.1000000000000028,0.647,0.717,6.999999999999995
143,4.194,siqa,SIQA,1954,0.3664278403275333,0.36489252814739,-0.15353121801433,0.40992835209826,0.4078812691914023,-0.20470829068577334
143,4.194,winogrande,WinoGrande,1267,0.516179952644041,0.4972375690607735,-1.8942383583267552,0.510655090765588,0.49329123914759276,-1.7363851617995252
143,5.243,arc_challenge,ARC-C,1172,0.222696,0.251706,2.900999999999998,0.250853,0.266212,1.5359000000000012
143,5.243,arc_easy,ARC-E,2376,0.5315656565656566,0.5648148148148148,3.3249158249158195,0.4684343434343434,0.5189393939393939,5.05050505050505
143,5.243,csqa,CSQA,1221,0.2751842751842752,0.28255528255528256,0.7371007371007376,0.29975429975429974,0.3185913185913186,1.8837018837018882
143,5.243,hellaswag,HellaSwag,10042,0.29725154351722766,0.29466241784505076,-0.2589125672176895,0.32901812387970525,0.3296156144194384,0.05974905397331254
143,5.243,mmlu,MMLU,14042,0.23678963110667997,0.23315766984760006,-0.36319612590799133,0.23678963110667997,0.23315766984760006,-0.36319612590799133
143,5.243,openbookqa,OpenBookQA,500,0.172,0.174,0.20000000000000018,0.298,0.302,0.40000000000000036
143,5.243,piqa,PIQA,1838,0.6512513601741022,0.6365614798694232,-1.4689880304678993,0.6365614798694232,0.6305767138193689,-0.598476605005438
143,5.243,sciq,SciQ,1000,0.777,0.765,-1.200000000000001,0.673,0.684,1.100000000000001
143,5.243,siqa,SIQA,1954,0.36591606960081885,0.36284544524053225,-0.30706243602866,0.40583418628454454,0.41146366427840325,0.5629477993858711
143,5.243,winogrande,WinoGrande,1267,0.5082872928176796,0.5011838989739542,-0.7103393843725381,0.5122336227308603,0.4925019731649566,-1.9731649565903675
143,6.291,arc_challenge,ARC-C,1172,0.220137,0.233788,1.3650999999999995,0.260239,0.273038,1.2799000000000005
143,6.291,arc_easy,ARC-E,2376,0.5425084175084175,0.5732323232323232,3.072390572390571,0.4650673400673401,0.5231481481481481,5.808080808080806
143,6.291,csqa,CSQA,1221,0.2702702702702703,0.2833742833742834,1.3104013104013101,0.29975429975429974,0.31367731367731366,1.3923013923013927
143,6.291,hellaswag,HellaSwag,10042,0.30033857797251545,0.294761999601673,-0.5576578370842467,0.33479386576379205,0.3354909380601474,0.069707229635535
143,6.291,mmlu,MMLU,14042,0.2337986041874377,0.244195983478137,1.039737929069931,0.2337986041874377,0.244195983478137,1.039737929069931
143,6.291,openbookqa,OpenBookQA,500,0.184,0.168,-1.5999999999999988,0.302,0.332,3.0000000000000027
143,6.291,piqa,PIQA,1838,0.6420021762785637,0.6425462459194777,0.05440696409140244,0.6452665941240479,0.6158868335146899,-2.9379760609357986
143,6.291,sciq,SciQ,1000,0.759,0.785,2.6000000000000023,0.649,0.696,4.699999999999993
143,6.291,siqa,SIQA,1954,0.35823950870010235,0.36438075742067555,0.61412487205732,0.40122824974411464,0.41914022517911975,1.7911975435005112
143,6.291,winogrande,WinoGrande,1267,0.5059194948697711,0.5019731649565904,-0.39463299131806684,0.4972375690607735,0.4956590370955012,-0.15785319652723007
143,7.34,arc_challenge,ARC-C,1172,0.226109,0.246587,2.0477999999999996,0.261092,0.269625,0.8533000000000013
143,7.34,arc_easy,ARC-E,2376,0.54503367003367,0.5702861952861953,2.5252525252525304,0.4781144781144781,0.5357744107744108,5.765993265993269
143,7.34,csqa,CSQA,1221,0.276003276003276,0.2882882882882883,1.2285012285012276,0.29975429975429974,0.32923832923832924,2.9484029484029506
143,7.34,hellaswag,HellaSwag,10042,0.3005377414857598,0.302230631348337,0.1692889862577207,0.3381796454889464,0.3377813184624577,-0.039832702648873175
143,7.34,mmlu,MMLU,14042,0.23735935051986898,0.24042159236575986,0.30622418458908784,0.23735935051986898,0.24042159236575986,0.30622418458908784
143,7.34,openbookqa,OpenBookQA,500,0.17,0.178,0.7999999999999979,0.296,0.31,1.4000000000000012
143,7.34,piqa,PIQA,1838,0.6485310119695321,0.6474428726877041,-0.10881392818280489,0.6458106637649619,0.6360174102285092,-0.9793253536452662
143,7.34,sciq,SciQ,1000,0.773,0.796,2.300000000000002,0.675,0.717,4.199999999999992
143,7.34,siqa,SIQA,1954,0.36745138178096215,0.37154554759467756,0.40941658137154113,0.4119754350051177,0.40890481064483114,-0.30706243602865446
143,7.34,winogrande,WinoGrande,1267,0.5090765588003157,0.510655090765588,0.15785319652723562,0.5082872928176796,0.4980268350434096,-1.0260457774269982
143,8.389,arc_challenge,ARC-C,1172,0.232082,0.259386,2.7303999999999995,0.258532,0.280717,2.218500000000001
143,8.389,arc_easy,ARC-E,2376,0.5462962962962963,0.5854377104377104,3.9141414141414144,0.47853535353535354,0.5361952861952862,5.765993265993269
143,8.389,csqa,CSQA,1221,0.27682227682227684,0.28992628992628994,1.3104013104013101,0.31203931203931207,0.3202293202293202,0.8190008190008147
143,8.389,hellaswag,HellaSwag,10042,0.3016331408086039,0.2991435968930492,-0.24895439155546706,0.34574785899223265,0.34156542521410077,-0.41824337781318777
143,8.389,mmlu,MMLU,14042,0.24013673265916535,0.23265916536105968,-0.747756729810567,0.24013673265916535,0.23265916536105968,-0.747756729810567
143,8.389,openbookqa,OpenBookQA,500,0.178,0.174,-0.40000000000000036,0.316,0.308,-0.8000000000000007
143,8.389,piqa,PIQA,1838,0.6485310119695321,0.6452665941240479,-0.32644178454842576,0.6485310119695321,0.6332970620239391,-1.5233949945593017
143,8.389,sciq,SciQ,1000,0.767,0.816,4.899999999999993,0.671,0.732,6.099999999999994
143,8.389,siqa,SIQA,1954,0.3664278403275333,0.3735926305015353,0.7164790174002011,0.4155578300921187,0.41146366427840325,-0.4094165813715467
143,8.389,winogrande,WinoGrande,1267,0.5122336227308603,0.516179952644041,0.39463299131807794,0.5098658247829518,0.5019731649565904,-0.7892659826361448
143,9.437,arc_challenge,ARC-C,1172,0.225256,0.267065,4.1808999999999985,0.259386,0.267918,0.8531999999999984
143,9.437,arc_easy,ARC-E,2376,0.5521885521885522,0.5732323232323232,2.1043771043770976,0.494949494949495,0.5210437710437711,2.6094276094276116
143,9.437,csqa,CSQA,1221,0.28992628992628994,0.28665028665028663,-0.3276003276003303,0.31695331695331697,0.3177723177723178,0.08190008190008258
143,9.437,hellaswag,HellaSwag,10042,0.3028281218880701,0.3005377414857598,-0.22903804023103325,0.3423620792670783,0.34106751643098987,-0.12945628360884198
143,9.437,mmlu,MMLU,14042,0.24818401937046006,0.24348383421165076,-0.47001851588092947,0.24818401937046006,0.24348383421165076,-0.47001851588092947
143,9.437,openbookqa,OpenBookQA,500,0.19,0.17,-1.9999999999999991,0.318,0.318,0.0
143,9.437,piqa,PIQA,1838,0.6458106637649619,0.6430903155603918,-0.2720348204570122,0.6425462459194777,0.6360174102285092,-0.6528835690968515
143,9.437,sciq,SciQ,1000,0.779,0.799,2.0000000000000018,0.688,0.727,3.9000000000000035
143,9.437,siqa,SIQA,1954,0.37001023541453426,0.3710337768679631,0.10235414534288667,0.41299897645854655,0.4181166837256909,0.5117707267144334
143,9.437,winogrande,WinoGrande,1267,0.5059194948697711,0.5201262825572218,1.4206787687450761,0.5082872928176796,0.5059194948697711,-0.23677979479085343
143,10.486,arc_challenge,ARC-C,1172,0.225256,0.267065,4.1808999999999985,0.261092,0.282423,2.133099999999999
143,10.486,arc_easy,ARC-E,2376,0.5551346801346801,0.5984848484848485,4.335016835016836,0.494949494949495,0.5513468013468014,5.639730639730639
143,10.486,csqa,CSQA,1221,0.28992628992628994,0.3226863226863227,3.2760032760032756,0.31285831285831284,0.3276003276003276,1.4742014742014753
143,10.486,hellaswag,HellaSwag,10042,0.3060147380999801,0.30541724756024696,-0.05974905397331254,0.3420633339972117,0.34315873332005575,0.10953993228440262
143,10.486,mmlu,MMLU,14042,0.2429853297251104,0.2340834638940322,-0.8901865831078187,0.2429853297251104,0.2340834638940322,-0.8901865831078187
143,10.486,openbookqa,OpenBookQA,500,0.17,0.17,0.0,0.314,0.326,1.200000000000001
143,10.486,piqa,PIQA,1838,0.6463547334058759,0.6430903155603918,-0.32644178454841466,0.6392818280739935,0.6267682263329706,-1.2513601741022895
143,10.486,sciq,SciQ,1000,0.785,0.814,2.8999999999999915,0.691,0.741,5.000000000000004
143,10.486,siqa,SIQA,1954,0.3633572159672467,0.37563971340839303,1.2282497441146345,0.4083930399181167,0.42528147389969295,1.6888433981576245
143,10.486,winogrande,WinoGrande,1267,0.4996053670086819,0.5082872928176796,0.8681925808997681,0.5011838989739542,0.5098658247829518,0.8681925808997626
143,11.534,arc_challenge,ARC-C,1172,0.215017,0.254266,3.924899999999998,0.257679,0.272184,1.450499999999999
143,11.534,arc_easy,ARC-E,2376,0.5542929292929293,0.5858585858585859,3.1565656565656575,0.48695286195286197,0.5357744107744108,4.882154882154882
143,11.534,csqa,CSQA,1221,0.2882882882882883,0.29484029484029484,0.6552006552006551,0.30384930384930386,0.32104832104832104,1.7199017199017175
143,11.534,hellaswag,HellaSwag,10042,0.3051185022903804,0.30541724756024696,0.02987452698665627,0.3472415853415654,0.34355706034654454,-0.3684524995020866
143,11.534,mmlu,MMLU,14042,0.23614869676684233,0.2352229027204102,-0.09257940464321435,0.23614869676684233,0.2352229027204102,-0.09257940464321435
143,11.534,openbookqa,OpenBookQA,500,0.174,0.18,0.6000000000000005,0.302,0.32,1.8000000000000016
143,11.534,piqa,PIQA,1838,0.6545157780195865,0.6425462459194777,-1.196953210010876,0.6528835690968444,0.6262241566920566,-2.6659412404787863
143,11.534,sciq,SciQ,1000,0.785,0.803,1.8000000000000016,0.676,0.723,4.699999999999993
143,11.534,siqa,SIQA,1954,0.3607983623336745,0.3735926305015353,1.2794268167860778,0.4155578300921187,0.4216990788126919,0.61412487205732
143,11.534,winogrande,WinoGrande,1267,0.5043409629044988,0.4972375690607735,-0.7103393843725325,0.5122336227308603,0.4972375690607735,-1.4996053670086773
143,12.583,arc_challenge,ARC-C,1172,0.232935,0.259386,2.6451000000000002,0.256826,0.28413,2.7303999999999995
143,12.583,arc_easy,ARC-E,2376,0.5614478114478114,0.5955387205387206,3.409090909090917,0.5004208754208754,0.5446127946127947,4.419191919191922
143,12.583,csqa,CSQA,1221,0.29565929565929566,0.3022113022113022,0.6552006552006551,0.31122031122031124,0.32186732186732187,1.0647010647010624
143,12.583,hellaswag,HellaSwag,10042,0.30830511850229037,0.30631348336984665,-0.19916351324437143,0.3496315475004979,0.3476399123680542,-0.19916351324437143
143,12.583,mmlu,MMLU,14042,0.2522432701894317,0.23735935051986898,-1.4883919669562733,0.2522432701894317,0.23735935051986898,-1.4883919669562733
143,12.583,openbookqa,OpenBookQA,500,0.166,0.162,-0.40000000000000036,0.298,0.316,1.8000000000000016
143,12.583,piqa,PIQA,1838,0.6485310119695321,0.6420021762785637,-0.6528835690968404,0.6441784548422198,0.6338411316648531,-1.0337323177366686
143,12.583,sciq,SciQ,1000,0.781,0.811,3.0000000000000027,0.701,0.72,1.9000000000000017
143,12.583,siqa,SIQA,1954,0.3587512794268168,0.3766632548618219,1.7911975435005112,0.41146366427840325,0.40992835209826,-0.15353121801432446
143,12.583,winogrande,WinoGrande,1267,0.5122336227308603,0.5043409629044988,-0.7892659826361448,0.5019731649565904,0.4972375690607735,-0.4735595895816902
143,13.631,arc_challenge,ARC-C,1172,0.231229,0.268771,3.754199999999999,0.269625,0.276451,0.6825999999999999
143,13.631,arc_easy,ARC-E,2376,0.5601851851851852,0.5959595959595959,3.577441077441068,0.5054713804713805,0.5454545454545454,3.99831649831649
143,13.631,csqa,CSQA,1221,0.29484029484029484,0.2915642915642916,-0.32760032760032476,0.3226863226863227,0.31203931203931207,-1.0647010647010624
143,13.631,hellaswag,HellaSwag,10042,0.3051185022903804,0.3059151563433579,0.0796654052977519,0.3489344752041426,0.3482374029077873,-0.06970722963552944
143,13.631,mmlu,MMLU,14042,0.24248682523857001,0.23465318330722118,-0.7833641931348834,0.24248682523857001,0.23465318330722118,-0.7833641931348834
143,13.631,openbookqa,OpenBookQA,500,0.186,0.164,-2.1999999999999993,0.306,0.314,0.8000000000000007
143,13.631,piqa,PIQA,1838,0.6545157780195865,0.6534276387377584,-0.10881392818280489,0.6463547334058759,0.6414581066376496,-0.4896626768226331
143,13.631,sciq,SciQ,1000,0.788,0.812,2.400000000000002,0.718,0.724,0.6000000000000005
143,13.631,siqa,SIQA,1954,0.36745138178096215,0.37563971340839303,0.8188331627430878,0.4140225179119754,0.41146366427840325,-0.2558853633572167
143,13.631,winogrande,WinoGrande,1267,0.5130228887134964,0.4964483030781373,-1.657458563535913,0.5027624309392266,0.4996053670086819,-0.3157063930544657
143,14.68,arc_challenge,ARC-C,1172,0.231229,0.261945,3.071599999999999,0.270478,0.289249,1.8770999999999982
143,14.68,arc_easy,ARC-E,2376,0.5521885521885522,0.5925925925925926,4.040404040404033,0.49873737373737376,0.5542929292929293,5.555555555555553
143,14.68,csqa,CSQA,1221,0.28992628992628994,0.2964782964782965,0.6552006552006551,0.3194103194103194,0.32923832923832924,0.9828009828009854
143,14.68,hellaswag,HellaSwag,10042,0.3088030272854013,0.30681139215295755,-0.19916351324437698,0.355008962358096,0.3482374029077873,-0.6771559450308662
143,14.68,mmlu,MMLU,14042,0.25081897165645917,0.24540663723116365,-0.5412334425295512,0.25081897165645917,0.24540663723116365,-0.5412334425295512
143,14.68,openbookqa,OpenBookQA,500,0.186,0.168,-1.799999999999999,0.31,0.312,0.20000000000000018
143,14.68,piqa,PIQA,1838,0.6496191512513602,0.6507072905331882,0.10881392818280489,0.6485310119695321,0.6256800870511425,-2.285092491838958
143,14.68,sciq,SciQ,1000,0.791,0.812,2.100000000000002,0.709,0.715,0.6000000000000005
143,14.68,siqa,SIQA,1954,0.36898669396110545,0.37717502558853633,0.8188331627430878,0.4140225179119754,0.4165813715455476,0.2558853633572167
143,14.68,winogrande,WinoGrande,1267,0.510655090765588,0.5019731649565904,-0.8681925808997626,0.4996053670086819,0.4956590370955012,-0.3946329913180724
143,15.729,arc_challenge,ARC-C,1172,0.233788,0.263652,2.9864,0.272184,0.288396,1.6212000000000004
143,15.729,arc_easy,ARC-E,2376,0.5803872053872053,0.6026936026936027,2.2306397306397385,0.5088383838383839,0.5484006734006734,3.9562289562289576
143,15.729,csqa,CSQA,1221,0.2891072891072891,0.3022113022113022,1.3104013104013101,0.3144963144963145,0.31203931203931207,-0.24570024570024218
143,15.729,hellaswag,HellaSwag,10042,0.3105954989046007,0.30631348336984665,-0.4282015534754047,0.3514240191196973,0.35261900019916353,0.11949810794662508
143,15.729,mmlu,MMLU,14042,0.26349522859991453,0.24027916251246262,-2.321606608745191,0.26349522859991453,0.24027916251246262,-2.321606608745191
143,15.729,openbookqa,OpenBookQA,500,0.174,0.192,1.8000000000000016,0.312,0.298,-1.4000000000000012
143,15.729,piqa,PIQA,1838,0.6517954298150164,0.6507072905331882,-0.10881392818281599,0.6490750816104461,0.6381936887921654,-1.088139281828071
143,15.729,sciq,SciQ,1000,0.79,0.805,1.5000000000000013,0.717,0.728,1.100000000000001
143,15.729,siqa,SIQA,1954,0.3669396110542477,0.37308085977482086,0.6141248720573145,0.4232343909928352,0.41299897645854655,-1.0235414534288667
143,15.729,winogrande,WinoGrande,1267,0.5019731649565904,0.5059194948697711,0.39463299131806684,0.4964483030781373,0.510655090765588,1.4206787687450706
143,16.777,arc_challenge,ARC-C,1172,0.215017,0.259386,4.4369,0.261092,0.28413,2.3038000000000003
143,16.777,arc_easy,ARC-E,2376,0.5618686868686869,0.6018518518518519,3.998316498316501,0.49663299663299665,0.5635521885521886,6.691919191919194
143,16.777,csqa,CSQA,1221,0.28992628992628994,0.3095823095823096,1.9656019656019652,0.30303030303030304,0.32186732186732187,1.8837018837018826
143,16.777,hellaswag,HellaSwag,10042,0.3121888070105557,0.30701055566620195,-0.5178251344353735,0.3541127265484963,0.35062736506671976,-0.34853614817765277
143,16.777,mmlu,MMLU,14042,0.24789915966386555,0.23308645492095142,-1.481270474291413,0.24789915966386555,0.23308645492095142,-1.481270474291413
143,16.777,openbookqa,OpenBookQA,500,0.19,0.172,-1.8000000000000016,0.296,0.306,1.0000000000000009
143,16.777,piqa,PIQA,1838,0.6534276387377584,0.6517954298150164,-0.16322089227420733,0.6452665941240479,0.6403699673558215,-0.4896626768226331
143,16.777,sciq,SciQ,1000,0.789,0.811,2.200000000000002,0.712,0.756,4.400000000000004
143,16.777,siqa,SIQA,1954,0.37001023541453426,0.3766632548618219,0.6653019447287634,0.4104401228249744,0.4150460593654043,0.46059365404299
143,16.777,winogrande,WinoGrande,1267,0.4996053670086819,0.5043409629044988,0.4735595895816902,0.4940805051302289,0.500394632991318,0.6314127861089147
143,17.826,arc_challenge,ARC-C,1172,0.216724,0.258532,4.180799999999999,0.268771,0.284983,1.6212000000000004
143,17.826,arc_easy,ARC-E,2376,0.5606060606060606,0.5888047138047138,2.8198653198653223,0.4957912457912458,0.5395622895622896,4.377104377104379
143,17.826,csqa,CSQA,1221,0.29238329238329236,0.3022113022113022,0.9828009828009854,0.31285831285831284,0.3226863226863227,0.9828009828009854
143,17.826,hellaswag,HellaSwag,10042,0.3127862975502888,0.3095000995817566,-0.32861979685321896,0.358195578570006,0.35082652857996416,-0.7369049990041843
143,17.826,mmlu,MMLU,14042,0.25324027916251246,0.23500925794046432,-1.8231021222048143,0.25324027916251246,0.23500925794046432,-1.8231021222048143
143,17.826,openbookqa,OpenBookQA,500,0.2,0.178,-2.200000000000002,0.302,0.324,2.200000000000002
143,17.826,piqa,PIQA,1838,0.6605005440696409,0.6534276387377584,-0.7072905331882429,0.6517954298150164,0.6338411316648531,-1.795429815016325
143,17.826,sciq,SciQ,1000,0.789,0.821,3.1999999999999917,0.711,0.728,1.7000000000000015
143,17.826,siqa,SIQA,1954,0.3735926305015353,0.37922210849539406,0.5629477993858767,0.42374616171954965,0.41606960081883315,-0.76765609007165
143,17.826,winogrande,WinoGrande,1267,0.5090765588003157,0.4972375690607735,-1.1838989739542172,0.500394632991318,0.5059194948697711,0.5524861878453025
143,18.874,arc_challenge,ARC-C,1172,0.238055,0.271331,3.3276,0.261945,0.298635,3.669
143,18.874,arc_easy,ARC-E,2376,0.5765993265993266,0.6111111111111112,3.4511784511784604,0.5117845117845118,0.5732323232323232,6.144781144781142
143,18.874,csqa,CSQA,1221,0.3153153153153153,0.3144963144963145,-0.08190008190008258,0.32596232596232594,0.32678132678132676,0.08190008190008258
143,18.874,hellaswag,HellaSwag,10042,0.31627165903206533,0.3105954989046007,-0.5676160127464636,0.3603863772156941,0.3565026887074288,-0.3883688508265315
143,18.874,mmlu,MMLU,14042,0.24248682523857001,0.2394245833926791,-0.3062241845890906,0.24248682523857001,0.2394245833926791,-0.3062241845890906
143,18.874,openbookqa,OpenBookQA,500,0.196,0.178,-1.8000000000000016,0.31,0.31,0.0
143,18.874,piqa,PIQA,1838,0.6550598476605005,0.6577801958650707,0.2720348204570233,0.6490750816104461,0.6343852013057671,-1.4689880304678993
143,18.874,sciq,SciQ,1000,0.797,0.807,1.0000000000000009,0.72,0.746,2.6000000000000023
143,18.874,siqa,SIQA,1954,0.3669396110542477,0.3735926305015353,0.6653019447287578,0.4273285568065507,0.4216990788126919,-0.5629477993858767
143,18.874,winogrande,WinoGrande,1267,0.5067087608524072,0.5027624309392266,-0.39463299131806684,0.5074980268350434,0.494869771112865,-1.2628255722178405
143,19.923,arc_challenge,ARC-C,1172,0.235495,0.272184,3.668899999999997,0.270478,0.295222,2.474399999999999
143,19.923,arc_easy,ARC-E,2376,0.5778619528619529,0.6136363636363636,3.577441077441079,0.5084175084175084,0.5652356902356902,5.681818181818176
143,19.923,csqa,CSQA,1221,0.3177723177723178,0.3144963144963145,-0.3276003276003303,0.3177723177723178,0.32923832923832924,1.146601146601145
143,19.923,hellaswag,HellaSwag,10042,0.31826329416450905,0.31248755228042224,-0.5775741884086805,0.3623780123481378,0.35879306910973907,-0.35849432383987523
143,19.923,mmlu,MMLU,14042,0.24967953283008118,0.23728813559322035,-1.2391397236860835,0.24967953283008118,0.23728813559322035,-1.2391397236860835
143,19.923,openbookqa,OpenBookQA,500,0.2,0.174,-2.6000000000000023,0.312,0.312,0.0
143,19.923,piqa,PIQA,1838,0.6605005440696409,0.6643090315560392,0.3808487486398282,0.6550598476605005,0.6409140369967355,-1.4145810663764968
143,19.923,sciq,SciQ,1000,0.798,0.811,1.3000000000000012,0.73,0.733,0.30000000000000027
143,19.923,siqa,SIQA,1954,0.3679631525076766,0.37768679631525076,0.9723643807574178,0.4186284544524053,0.4211873080859775,0.2558853633572167
143,19.923,winogrande,WinoGrande,1267,0.4996053670086819,0.500394632991318,0.07892659826361226,0.5035516969218626,0.4988161010260458,-0.47355958958168465
143,19.999,arc_challenge,ARC-C,1172,0.237201,0.272184,3.4982999999999986,0.274744,0.296928,2.2184000000000035
143,19.999,arc_easy,ARC-E,2376,0.5787037037037037,0.6132154882154882,3.4511784511784493,0.5075757575757576,0.5664983164983165,5.892255892255893
143,19.999,csqa,CSQA,1221,0.3144963144963145,0.3104013104013104,-0.40950040950040734,0.31613431613431614,0.32596232596232594,0.9828009828009798
143,19.999,hellaswag,HellaSwag,10042,0.3180641306512647,0.31228838876717785,-0.577574188408686,0.3628759211312488,0.3584943238398725,-0.43815972913762713
143,19.999,mmlu,MMLU,14042,0.25046289702321606,0.2366472012533827,-1.3815695769833352,0.25046289702321606,0.2366472012533827,-1.3815695769833352
143,19.999,openbookqa,OpenBookQA,500,0.198,0.178,-2.0000000000000018,0.312,0.314,0.20000000000000018
143,19.999,piqa,PIQA,1838,0.6621327529923831,0.661588683351469,-0.05440696409140244,0.6561479869423286,0.6463547334058759,-0.9793253536452662
143,19.999,sciq,SciQ,1000,0.8,0.808,0.8000000000000007,0.732,0.731,-0.10000000000000009
143,19.999,siqa,SIQA,1954,0.3669396110542477,0.37768679631525076,1.0747185261003045,0.4201637666325486,0.4227226202661208,0.2558853633572167
143,19.999,winogrande,WinoGrande,1267,0.5082872928176796,0.5035516969218626,-0.47355958958169575,0.4956590370955012,0.5043409629044988,0.8681925808997626
263,1.049,arc_challenge,ARC-C,1172,0.18686,0.207338,2.0477999999999996,0.236348,0.254266,1.791799999999999
263,1.049,arc_easy,ARC-E,2376,0.4751683501683502,0.48063973063973064,0.547138047138046,0.4187710437710438,0.4364478114478115,1.767676767676768
263,1.049,csqa,CSQA,1221,0.24733824733824733,0.22932022932022933,-1.8018018018018,0.27436527436527436,0.2751842751842752,0.08190008190008258
263,1.049,hellaswag,HellaSwag,10042,0.2758414658434575,0.2733519219279028,-0.24895439155546706,0.28520215096594304,0.2861979685321649,0.09958175662218571
263,1.049,mmlu,MMLU,14042,0.23123486682808717,0.22952570858852014,-0.17091582395670213,0.23123486682808717,0.22952570858852014,-0.17091582395670213
263,1.049,openbookqa,OpenBookQA,500,0.154,0.14,-1.3999999999999986,0.294,0.284,-1.0000000000000009
263,1.049,piqa,PIQA,1838,0.5946681175190425,0.6017410228509249,0.7072905331882429,0.5990206746463548,0.588139281828074,-1.0881392818280822
263,1.049,sciq,SciQ,1000,0.684,0.702,1.7999999999999905,0.611,0.613,0.20000000000000018
263,1.049,siqa,SIQA,1954,0.35823950870010235,0.3623336745138178,0.4094165813715467,0.4068577277379734,0.413510747185261,0.6653019447287578
263,1.049,winogrande,WinoGrande,1267,0.5272296764009471,0.500394632991318,-2.6835043409629056,0.5067087608524072,0.494869771112865,-1.1838989739542227
263,2.097,arc_challenge,ARC-C,1172,0.202218,0.226109,2.3890999999999996,0.240614,0.256826,1.6212000000000004
263,2.097,arc_easy,ARC-E,2376,0.5029461279461279,0.5475589225589226,4.4612794612794655,0.4494949494949495,0.48484848484848486,3.535353535353536
263,2.097,csqa,CSQA,1221,0.266994266994267,0.2628992628992629,-0.40950040950040734,0.3063063063063063,0.2989352989352989,-0.7371007371007376
263,2.097,hellaswag,HellaSwag,10042,0.288388767177853,0.2877912766381199,-0.05974905397331254,0.3069109739095798,0.317167894841665,1.0256920932085245
263,2.097,mmlu,MMLU,14042,0.2299529981484119,0.22988178322176328,-0.007121492664863283,0.2299529981484119,0.22988178322176328,-0.007121492664863283
263,2.097,openbookqa,OpenBookQA,500,0.18,0.172,-0.8000000000000007,0.308,0.294,-1.4000000000000012
263,2.097,piqa,PIQA,1838,0.6316648531011969,0.6186071817192601,-1.3057671381936808,0.6006528835690969,0.6039173014145811,0.32644178454842576
263,2.097,sciq,SciQ,1000,0.728,0.753,2.500000000000002,0.63,0.676,4.600000000000004
263,2.097,siqa,SIQA,1954,0.3638689866939611,0.3741044012282497,1.0235414534288612,0.4104401228249744,0.4104401228249744,0.0
263,2.097,winogrande,WinoGrande,1267,0.505130228887135,0.5090765588003157,0.39463299131806684,0.4972375690607735,0.5082872928176796,1.1049723756906105
263,3.146,arc_challenge,ARC-C,1172,0.226962,0.237201,1.0238999999999998,0.265358,0.267065,0.1707000000000014
263,3.146,arc_easy,ARC-E,2376,0.5391414141414141,0.5787037037037037,3.9562289562289576,0.49074074074074076,0.5235690235690236,3.282828282828282
263,3.146,csqa,CSQA,1221,0.2784602784602785,0.29975429975429974,2.129402129402125,0.3144963144963145,0.3104013104013104,-0.40950040950040734
263,3.146,hellaswag,HellaSwag,10042,0.29774945230033856,0.30233021310495917,0.45807608046206094,0.3286197968532165,0.3370842461661024,0.8464449312885869
263,3.146,mmlu,MMLU,14042,0.23365617433414043,0.23173337131462754,-0.1922803019512892,0.23365617433414043,0.23173337131462754,-0.1922803019512892
263,3.146,openbookqa,OpenBookQA,500,0.196,0.156,-4.000000000000001,0.314,0.302,-1.200000000000001
263,3.146,piqa,PIQA,1838,0.6479869423286181,0.6235038084874864,-2.4483133841131655,0.6267682263329706,0.6115342763873776,-1.5233949945593017
263,3.146,sciq,SciQ,1000,0.781,0.783,0.20000000000000018,0.695,0.691,-0.40000000000000036
263,3.146,siqa,SIQA,1954,0.3602865916069601,0.36745138178096215,0.7164790174002067,0.4068577277379734,0.4109518935516888,0.40941658137154113
263,3.146,winogrande,WinoGrande,1267,0.516179952644041,0.5067087608524072,-0.9471191791633804,0.5067087608524072,0.5059194948697711,-0.07892659826361781
263,4.194,arc_challenge,ARC-C,1172,0.229522,0.265358,3.583599999999998,0.261945,0.295222,3.3277
263,4.194,arc_easy,ARC-E,2376,0.5458754208754208,0.5782828282828283,3.240740740740744,0.4831649831649832,0.5382996632996633,5.513468013468009
263,4.194,csqa,CSQA,1221,0.26863226863226863,0.29238329238329236,2.3751023751023723,0.29484029484029484,0.3095823095823096,1.4742014742014753
263,4.194,hellaswag,HellaSwag,10042,0.3020314678350926,0.30760804620593507,0.5576578370842467,0.3419637522405895,0.3414658434574786,-0.04979087831109008
263,4.194,mmlu,MMLU,14042,0.23586383706024783,0.253525138869107,1.7661301808859164,0.23586383706024783,0.253525138869107,1.7661301808859164
263,4.194,openbookqa,OpenBookQA,500,0.188,0.186,-0.20000000000000018,0.316,0.31,-0.6000000000000005
263,4.194,piqa,PIQA,1838,0.6490750816104461,0.6452665941240479,-0.3808487486398282,0.6403699673558215,0.6376496191512514,-0.2720348204570122
263,4.194,sciq,SciQ,1000,0.775,0.789,1.4000000000000012,0.692,0.698,0.6000000000000005
263,4.194,siqa,SIQA,1954,0.3694984646878199,0.37154554759467756,0.2047082906857678,0.41299897645854655,0.41299897645854655,0.0
263,4.194,winogrande,WinoGrande,1267,0.5209155485398579,0.5303867403314917,0.9471191791633804,0.5043409629044988,0.516179952644041,1.1838989739542227
263,5.243,arc_challenge,ARC-C,1172,0.235495,0.269625,3.4129999999999994,0.273038,0.300341,2.7303000000000024
263,5.243,arc_easy,ARC-E,2376,0.5505050505050505,0.6077441077441077,5.72390572390572,0.5105218855218855,0.5580808080808081,4.755892255892258
263,5.243,csqa,CSQA,1221,0.2841932841932842,0.30876330876330876,2.457002457002455,0.3104013104013104,0.3235053235053235,1.3104013104013101
263,5.243,hellaswag,HellaSwag,10042,0.3089026090420235,0.3071101374228241,-0.17924716191993761,0.3488348934475204,0.3505277833100976,0.1692889862577207
263,5.243,mmlu,MMLU,14042,0.23173337131462754,0.23287281014100555,0.11394388263780142,0.23173337131462754,0.23287281014100555,0.11394388263780142
263,5.243,openbookqa,OpenBookQA,500,0.184,0.186,0.20000000000000018,0.308,0.3,-0.8000000000000007
263,5.243,piqa,PIQA,1838,0.6675734494015234,0.6588683351468988,-0.8705114254624613,0.6534276387377584,0.6349292709466812,-1.8498367791077275
263,5.243,sciq,SciQ,1000,0.786,0.809,2.300000000000002,0.715,0.74,2.500000000000002
263,5.243,siqa,SIQA,1954,0.3694984646878199,0.368474923234391,-0.10235414534288667,0.41146366427840325,0.41146366427840325,0.0
263,5.243,winogrande,WinoGrande,1267,0.5217048145224941,0.5043409629044988,-1.7363851617995252,0.5059194948697711,0.5074980268350434,0.15785319652723562
263,6.291,arc_challenge,ARC-C,1172,0.238908,0.259386,2.0477999999999996,0.270478,0.291809,2.133099999999999
263,6.291,arc_easy,ARC-E,2376,0.5580808080808081,0.5959595959595959,3.7878787878787845,0.5109427609427609,0.5585016835016835,4.755892255892258
263,6.291,csqa,CSQA,1221,0.27927927927927926,0.31367731367731366,3.4398034398034403,0.3063063063063063,0.32514332514332517,1.8837018837018882
263,6.291,hellaswag,HellaSwag,10042,0.31338378809002193,0.3116908982274447,-0.1692889862577207,0.3594901414060944,0.3611830312686716,0.16928898625771516
263,6.291,mmlu,MMLU,14042,0.2307363623415468,0.2329440250676542,0.22076627261073956,0.2307363623415468,0.2329440250676542,0.22076627261073956
263,6.291,openbookqa,OpenBookQA,500,0.184,0.196,1.200000000000001,0.318,0.318,0.0
263,6.291,piqa,PIQA,1838,0.6610446137105549,0.6528835690968444,-0.8161044613710478,0.6490750816104461,0.6392818280739935,-0.9793253536452662
263,6.291,siqa,SIQA,1954,0.36745138178096215,0.36489252814739,-0.2558853633572167,0.4078812691914023,0.4119754350051177,0.40941658137154113
263,6.291,winogrande,WinoGrande,1267,0.531965272296764,0.5153906866614049,-1.6574585635359185,0.5067087608524072,0.510655090765588,0.39463299131807794
263,7.34,arc_challenge,ARC-C,1172,0.232935,0.271331,3.8395999999999986,0.277304,0.295222,1.791799999999999
263,7.34,arc_easy,ARC-E,2376,0.5635521885521886,0.6085858585858586,4.503367003366998,0.5168350168350169,0.5664983164983165,4.966329966329964
263,7.34,csqa,CSQA,1221,0.29238329238329236,0.31203931203931207,1.9656019656019708,0.32104832104832104,0.3226863226863227,0.16380016380016515
263,7.34,hellaswag,HellaSwag,10042,0.3140808603863772,0.3147779326827325,0.06970722963552944,0.36367257518422624,0.3661621190997809,0.24895439155546706
263,7.34,mmlu,MMLU,14042,0.23201823102122204,0.24120495655889473,0.9186725537672691,0.23201823102122204,0.24120495655889473,0.9186725537672691
263,7.34,openbookqa,OpenBookQA,500,0.204,0.192,-1.1999999999999984,0.312,0.302,-1.0000000000000009
263,7.34,piqa,PIQA,1838,0.6610446137105549,0.6566920565832427,-0.43525571273121955,0.6512513601741022,0.6420021762785637,-0.9249183895538526
263,7.34,sciq,SciQ,1000,0.787,0.818,3.0999999999999917,0.723,0.719,-0.40000000000000036
263,7.34,siqa,SIQA,1954,0.3843398157625384,0.37871033776867963,-0.5629477993858767,0.41606960081883315,0.4119754350051177,-0.4094165813715467
263,7.34,winogrande,WinoGrande,1267,0.5169692186266772,0.5177584846093133,0.0789265982636067,0.5067087608524072,0.510655090765588,0.39463299131807794
263,8.389,arc_challenge,ARC-C,1172,0.238908,0.278157,3.924899999999998,0.27901,0.289249,1.0238999999999998
263,8.389,arc_easy,ARC-E,2376,0.5635521885521886,0.6174242424242424,5.387205387205385,0.5126262626262627,0.5711279461279462,5.8501683501683495
263,8.389,csqa,CSQA,1221,0.29565929565929566,0.31285831285831284,1.7199017199017175,0.3202293202293202,0.33415233415233414,1.3923013923013927
263,8.389,hellaswag,HellaSwag,10042,0.31607249551882094,0.31597291376219877,-0.009958175662216906,0.37054371639115713,0.3655646285600478,-0.4979087831109341
263,8.389,mmlu,MMLU,14042,0.2444808431847315,0.23835635949294973,-0.6124483691781785,0.2444808431847315,0.23835635949294973,-0.6124483691781785
263,8.389,openbookqa,OpenBookQA,500,0.188,0.198,1.0000000000000009,0.302,0.32,1.8000000000000016
263,8.389,piqa,PIQA,1838,0.6702937976060935,0.6588683351468988,-1.1425462459194735,0.6561479869423286,0.6463547334058759,-0.9793253536452662
263,8.389,sciq,SciQ,1000,0.8,0.825,2.499999999999991,0.72,0.734,1.4000000000000012
263,8.389,siqa,SIQA,1954,0.3766632548618219,0.37563971340839303,-0.10235414534288667,0.42221084953940635,0.4196519959058342,-0.2558853633572167
263,8.389,winogrande,WinoGrande,1267,0.5240726124704025,0.5138121546961326,-1.026045777426987,0.5082872928176796,0.510655090765588,0.23677979479084232
263,9.437,arc_challenge,ARC-C,1172,0.232082,0.27901,4.6927999999999965,0.272184,0.304608,3.242400000000001
263,9.437,arc_easy,ARC-E,2376,0.5715488215488216,0.6026936026936027,3.114478114478114,0.5286195286195287,0.5614478114478114,3.282828282828276
263,9.437,csqa,CSQA,1221,0.29484029484029484,0.3284193284193284,3.357903357903358,0.3185913185913186,0.3316953316953317,1.3104013104013101
263,9.437,hellaswag,HellaSwag,10042,0.3185620394343756,0.317167894841665,-0.1394144592710589,0.37532364070902213,0.3714399522007568,-0.3883688508265315
263,9.437,mmlu,MMLU,14042,0.24903859849024357,0.23963822817262498,-0.9400370317618589,0.24903859849024357,0.23963822817262498,-0.9400370317618589
263,9.437,openbookqa,OpenBookQA,500,0.202,0.208,0.5999999999999978,0.316,0.316,0.0
263,9.437,piqa,PIQA,1838,0.6653971708378672,0.6534276387377584,-1.196953210010876,0.6583242655059848,0.6539717083786725,-0.43525571273123065
263,9.437,sciq,SciQ,1000,0.806,0.816,0.9999999999999898,0.732,0.741,0.9000000000000008
263,9.437,siqa,SIQA,1954,0.37717502558853633,0.3751279426816786,-0.20470829068577334,0.4216990788126919,0.41606960081883315,-0.5629477993858767
263,9.437,winogrande,WinoGrande,1267,0.526440410418311,0.5074980268350434,-1.8942383583267608,0.5035516969218626,0.5224940805051302,1.8942383583267608
263,10.486,arc_challenge,ARC-C,1172,0.241468,0.282423,4.0954999999999995,0.277304,0.303754,2.645000000000003
263,10.486,arc_easy,ARC-E,2376,0.5791245791245792,0.6186868686868687,3.9562289562289576,0.5315656565656566,0.5896464646464646,5.808080808080806
263,10.486,csqa,CSQA,1221,0.30794430794430794,0.3284193284193284,2.047502047502048,0.32514332514332517,0.34561834561834565,2.047502047502048
263,10.486,hellaswag,HellaSwag,10042,0.3224457279426409,0.3225453096992631,0.009958175662216906,0.37651862178848833,0.37343158733320053,-0.3087034455287796
263,10.486,mmlu,MMLU,14042,0.2352229027204102,0.25594644637516023,2.0723543654750043,0.2352229027204102,0.25594644637516023,2.0723543654750043
263,10.486,openbookqa,OpenBookQA,500,0.186,0.202,1.6000000000000014,0.312,0.31,-0.20000000000000018
263,10.486,piqa,PIQA,1838,0.6746463547334058,0.6588683351468988,-1.5778019586507042,0.6643090315560392,0.6577801958650707,-0.6528835690968404
263,10.486,sciq,SciQ,1000,0.799,0.82,2.0999999999999908,0.725,0.745,2.0000000000000018
263,10.486,siqa,SIQA,1954,0.38689866939611056,0.3751279426816786,-1.1770726714431967,0.4273285568065507,0.4263050153531218,-0.10235414534288667
263,10.486,winogrande,WinoGrande,1267,0.5248618784530387,0.5090765588003157,-1.5785319652723007,0.5193370165745856,0.5011838989739542,-1.815311760063143
263,11.534,arc_challenge,ARC-C,1172,0.242321,0.272184,2.9862999999999973,0.275597,0.299488,2.3890999999999996
263,11.534,arc_easy,ARC-E,2376,0.5736531986531986,0.6119528619528619,3.829966329966328,0.5294612794612794,0.57996632996633,5.050505050505061
263,11.534,csqa,CSQA,1221,0.31203931203931207,0.3235053235053235,1.146601146601145,0.33005733005733007,0.33415233415233414,0.40950040950040734
263,11.534,hellaswag,HellaSwag,10042,0.3285202150965943,0.3232423819956184,-0.5277833100975904,0.3792073292172874,0.37532364070902213,-0.38836885082652595
263,11.534,mmlu,MMLU,14042,0.2335137444808432,0.2404928072924085,0.6979062811565295,0.2335137444808432,0.2404928072924085,0.6979062811565295
263,11.534,openbookqa,OpenBookQA,500,0.194,0.208,1.3999999999999986,0.306,0.318,1.200000000000001
263,11.534,piqa,PIQA,1838,0.6849836779107725,0.6659412404787813,-1.9042437431991188,0.6692056583242655,0.6621327529923831,-0.7072905331882429
263,11.534,sciq,SciQ,1000,0.82,0.821,0.10000000000000009,0.724,0.736,1.200000000000001
263,11.534,siqa,SIQA,1954,0.3812691914022518,0.3843398157625384,0.30706243602866,0.413510747185261,0.4186284544524053,0.5117707267144334
263,11.534,winogrande,WinoGrande,1267,0.5256511444356748,0.5067087608524072,-1.8942383583267608,0.5027624309392266,0.5130228887134964,1.026045777426987
263,12.583,arc_challenge,ARC-C,1172,0.258532,0.296928,3.8396000000000043,0.28413,0.314846,3.071600000000002
263,12.583,arc_easy,ARC-E,2376,0.5968013468013468,0.6186868686868687,2.1885521885521952,0.5307239057239057,0.5715488215488216,4.0824915824915875
263,12.583,csqa,CSQA,1221,0.31613431613431614,0.3185913185913186,0.24570024570024773,0.3325143325143325,0.3308763308763309,-0.1638001638001596
263,12.583,hellaswag,HellaSwag,10042,0.32682732523401714,0.3258315076677953,-0.09958175662218571,0.38129854610635333,0.37641904003186616,-0.4879506074487172
263,12.583,mmlu,MMLU,14042,0.2444808431847315,0.23821392963965246,-0.626691354507905,0.2444808431847315,0.23821392963965246,-0.626691354507905
263,12.583,openbookqa,OpenBookQA,500,0.19,0.198,0.8000000000000007,0.312,0.32,0.8000000000000007
263,12.583,piqa,PIQA,1838,0.6882480957562568,0.6632208922742111,-2.502720348204568,0.6681175190424374,0.6566920565832427,-1.1425462459194735
263,12.583,sciq,SciQ,1000,0.791,0.845,5.399999999999993,0.688,0.754,6.600000000000006
263,12.583,siqa,SIQA,1954,0.3858751279426817,0.37871033776867963,-0.7164790174002067,0.4150460593654043,0.40890481064483114,-0.6141248720573145
263,12.583,winogrande,WinoGrande,1267,0.5256511444356748,0.5114443567482242,-1.420678768745065,0.5114443567482242,0.5067087608524072,-0.47355958958169575
263,13.631,arc_challenge,ARC-C,1172,0.255119,0.284983,2.9864,0.28413,0.308874,2.474399999999999
263,13.631,arc_easy,ARC-E,2376,0.5896464646464646,0.6317340067340067,4.208754208754206,0.553030303030303,0.5900673400673401,3.703703703703709
263,13.631,csqa,CSQA,1221,0.3235053235053235,0.32104832104832104,-0.24570024570024773,0.3546273546273546,0.32923832923832924,-2.538902538902538
263,13.631,hellaswag,HellaSwag,10042,0.3300139414459271,0.32613025293766185,-0.38836885082652595,0.38408683529177456,0.38398725353515234,-0.009958175662222457
263,13.631,mmlu,MMLU,14042,0.24056402221905712,0.2372169206665717,-0.334710155248541,0.24056402221905712,0.2372169206665717,-0.334710155248541
263,13.631,openbookqa,OpenBookQA,500,0.208,0.2,-0.7999999999999979,0.318,0.318,0.0
263,13.631,piqa,PIQA,1838,0.6817192600652884,0.6659412404787813,-1.5778019586507042,0.6724700761697497,0.661588683351469,-1.088139281828071
263,13.631,sciq,SciQ,1000,0.816,0.842,2.6000000000000023,0.74,0.758,1.8000000000000016
263,13.631,siqa,SIQA,1954,0.38229273285568066,0.38024564994882293,-0.20470829068577334,0.4201637666325486,0.4155578300921187,-0.46059365404299
263,13.631,winogrande,WinoGrande,1267,0.5240726124704025,0.5019731649565904,-2.20994475138121,0.5059194948697711,0.5011838989739542,-0.47355958958168465
263,14.68,arc_challenge,ARC-C,1172,0.255119,0.279863,2.474399999999999,0.283276,0.305461,2.218500000000001
263,14.68,arc_easy,ARC-E,2376,0.5904882154882155,0.6216329966329966,3.114478114478114,0.5357744107744108,0.5845959595959596,4.882154882154877
263,14.68,csqa,CSQA,1221,0.32514332514332517,0.3407043407043407,1.5561015561015523,0.3316953316953317,0.343980343980344,1.2285012285012276
263,14.68,hellaswag,HellaSwag,10042,0.3280223063134834,0.3247361083449512,-0.32861979685321896,0.3867755427205736,0.37870942043417644,-0.8066122286397137
263,14.68,mmlu,MMLU,14042,0.24633243127759577,0.24732944025067655,0.09970089730807763,0.24633243127759577,0.24732944025067655,0.09970089730807763
263,14.68,openbookqa,OpenBookQA,500,0.202,0.196,-0.6000000000000005,0.314,0.336,2.200000000000002
263,14.68,piqa,PIQA,1838,0.6811751904243744,0.6779107725788901,-0.32644178454842576,0.6670293797606094,0.6566920565832427,-1.0337323177366686
263,14.68,sciq,SciQ,1000,0.797,0.833,3.599999999999992,0.703,0.764,6.100000000000005
263,14.68,siqa,SIQA,1954,0.37615148413510746,0.37922210849539406,0.30706243602866,0.42067553735926305,0.4186284544524053,-0.20470829068577334
263,14.68,winogrande,WinoGrande,1267,0.5185477505919495,0.5248618784530387,0.6314127861089203,0.5130228887134964,0.5074980268350434,-0.5524861878453025
263,15.729,arc_challenge,ARC-C,1172,0.257679,0.275597,1.791799999999999,0.291809,0.300341,0.853200000000004
263,15.729,arc_easy,ARC-E,2376,0.5883838383838383,0.632996632996633,4.4612794612794655,0.5353535353535354,0.5900673400673401,5.4713804713804715
263,15.729,csqa,CSQA,1221,0.32186732186732187,0.3194103194103194,-0.24570024570024773,0.3316953316953317,0.32923832923832924,-0.24570024570024773
263,15.729,hellaswag,HellaSwag,10042,0.32991435968930494,0.3271260705038837,-0.2788289185421233,0.38856801433977295,0.38169687313284206,-0.6871141206930886
263,15.729,mmlu,MMLU,14042,0.24797037459051416,0.23315766984760006,-1.48127047429141,0.24797037459051416,0.23315766984760006,-1.48127047429141
263,15.729,openbookqa,OpenBookQA,500,0.22,0.23,1.0000000000000009,0.316,0.338,2.200000000000002
263,15.729,piqa,PIQA,1838,0.6822633297062024,0.676822633297062,-0.5440696409140355,0.6659412404787813,0.6599564744287268,-0.5984766050054491
263,15.729,sciq,SciQ,1000,0.788,0.83,4.199999999999992,0.709,0.757,4.800000000000004
263,15.729,siqa,SIQA,1954,0.3843398157625384,0.38178096212896623,-0.2558853633572167,0.42067553735926305,0.4140225179119754,-0.6653019447287634
263,15.729,winogrande,WinoGrande,1267,0.516179952644041,0.5122336227308603,-0.39463299131807794,0.5122336227308603,0.4909234411996843,-2.131018153117598
263,16.777,arc_challenge,ARC-C,1172,0.250853,0.275597,2.474399999999999,0.28157,0.302901,2.133099999999999
263,16.777,arc_easy,ARC-E,2376,0.5816498316498316,0.6355218855218855,5.387205387205385,0.5361952861952862,0.5972222222222222,6.1026936026935985
263,16.777,csqa,CSQA,1221,0.3202293202293202,0.3284193284193284,0.8190008190008202,0.32678132678132676,0.343980343980344,1.719901719901723
263,16.777,hellaswag,HellaSwag,10042,0.3331009759012149,0.3267277434773949,-0.6373232423819986,0.3904600677155945,0.3835889265086636,-0.6871141206930886
263,16.777,mmlu,MMLU,14042,0.23344252955419456,0.2429853297251104,0.9542800170915827,0.23344252955419456,0.2429853297251104,0.9542800170915827
263,16.777,openbookqa,OpenBookQA,500,0.198,0.192,-0.6000000000000005,0.31,0.318,0.8000000000000007
263,16.777,piqa,PIQA,1838,0.6789989118607181,0.6675734494015234,-1.1425462459194735,0.6692056583242655,0.6659412404787813,-0.32644178454841466
263,16.777,sciq,SciQ,1000,0.81,0.838,2.7999999999999914,0.717,0.763,4.600000000000004
263,16.777,siqa,SIQA,1954,0.38485158648925283,0.37308085977482086,-1.1770726714431967,0.41453428863868985,0.4186284544524053,0.4094165813715467
263,16.777,winogrande,WinoGrande,1267,0.526440410418311,0.5169692186266772,-0.9471191791633804,0.5027624309392266,0.5146014206787688,1.1838989739542227
263,17.826,arc_challenge,ARC-C,1172,0.256826,0.262799,0.5973000000000006,0.27901,0.285836,0.6825999999999999
263,17.826,arc_easy,ARC-E,2376,0.5904882154882155,0.6203703703703703,2.9882154882154843,0.5366161616161617,0.5715488215488216,3.4932659932659926
263,17.826,csqa,CSQA,1221,0.3104013104013104,0.3177723177723178,0.7371007371007376,0.32923832923832924,0.3284193284193284,-0.08190008190008258
263,17.826,hellaswag,HellaSwag,10042,0.3325034853614818,0.3272256522605059,-0.5277833100975904,0.3942441744672376,0.3860784704242183,-0.8165704043019306
263,17.826,mmlu,MMLU,14042,0.23087879219484403,0.24156103119213787,1.068223899729384,0.23087879219484403,0.24156103119213787,1.068223899729384
263,17.826,openbookqa,OpenBookQA,500,0.224,0.206,-1.8000000000000016,0.308,0.332,2.400000000000002
263,17.826,piqa,PIQA,1838,0.6817192600652884,0.6713819368879217,-1.0337323177366686,0.6746463547334058,0.6697497279651795,-0.4896626768226331
263,17.826,sciq,SciQ,1000,0.81,0.837,2.6999999999999913,0.709,0.752,4.300000000000004
263,17.826,siqa,SIQA,1954,0.38331627430910953,0.38075742067553736,-0.2558853633572167,0.41914022517911975,0.417093142272262,-0.20470829068577334
263,17.826,winogrande,WinoGrande,1267,0.5185477505919495,0.5153906866614049,-0.31570639305446013,0.505130228887135,0.5090765588003157,0.39463299131806684
263,18.874,arc_challenge,ARC-C,1172,0.264505,0.287543,2.3038000000000003,0.284983,0.3157,3.0716999999999994
263,18.874,arc_easy,ARC-E,2376,0.6018518518518519,0.6430976430976431,4.124579124579119,0.5614478114478114,0.609006734006734,4.755892255892258
263,18.874,csqa,CSQA,1221,0.3325143325143325,0.35626535626535627,2.375102375102378,0.3447993447993448,0.3464373464373464,0.1638001638001596
263,18.874,hellaswag,HellaSwag,10042,0.33409679346743676,0.33170683130850426,-0.23899621589325015,0.4023102967536347,0.38946425014937264,-1.2846046604262085
263,18.874,mmlu,MMLU,14042,0.2382851445663011,0.2444808431847315,0.6195698618430417,0.2382851445663011,0.2444808431847315,0.6195698618430417
263,18.874,openbookqa,OpenBookQA,500,0.21,0.218,0.8000000000000007,0.316,0.33,1.4000000000000012
263,18.874,piqa,PIQA,1838,0.6838955386289445,0.676278563656148,-0.7616974972796453,0.6789989118607181,0.661588683351469,-1.7410228509249115
263,18.874,sciq,SciQ,1000,0.813,0.834,2.100000000000002,0.727,0.75,2.300000000000002
263,18.874,siqa,SIQA,1954,0.38331627430910953,0.38024564994882293,-0.30706243602866,0.4216990788126919,0.4211873080859775,-0.051177072671443335
263,18.874,winogrande,WinoGrande,1267,0.5240726124704025,0.5011838989739542,-2.2888713496448276,0.5146014206787688,0.5011838989739542,-1.3417521704814583
263,19.923,arc_challenge,ARC-C,1172,0.267918,0.283276,1.5357999999999983,0.289249,0.311433,2.2184000000000035
263,19.923,arc_easy,ARC-E,2376,0.6047979797979798,0.6405723905723906,3.577441077441079,0.5664983164983165,0.6073232323232324,4.0824915824915875
263,19.923,csqa,CSQA,1221,0.3194103194103194,0.35626535626535627,3.6855036855036882,0.3325143325143325,0.3497133497133497,1.719901719901723
263,19.923,hellaswag,HellaSwag,10042,0.33788090021907985,0.3323043218482374,-0.5576578370842467,0.4049990041824338,0.3943437562238598,-1.0655247958573977
263,19.923,mmlu,MMLU,14042,0.23643355647343683,0.23906850875943597,0.2634952285999137,0.23643355647343683,0.23906850875943597,0.2634952285999137
263,19.923,openbookqa,OpenBookQA,500,0.208,0.212,0.40000000000000036,0.316,0.338,2.200000000000002
263,19.923,piqa,PIQA,1838,0.6953210010881393,0.6898803046789989,-0.5440696409140466,0.6838955386289445,0.6686615886833515,-1.5233949945593017
263,19.923,sciq,SciQ,1000,0.812,0.831,1.8999999999999906,0.734,0.756,2.200000000000002
263,19.923,siqa,SIQA,1954,0.37768679631525076,0.38689866939611056,0.92118730808598,0.4155578300921187,0.41760491299897645,0.20470829068577334
263,19.923,winogrande,WinoGrande,1267,0.5240726124704025,0.5082872928176796,-1.5785319652722896,0.5177584846093133,0.5059194948697711,-1.1838989739542227
263,19.999,arc_challenge,ARC-C,1172,0.268771,0.286689,1.7918000000000045,0.290102,0.311433,2.133099999999999
263,19.999,arc_easy,ARC-E,2376,0.6043771043771043,0.6401515151515151,3.577441077441079,0.5664983164983165,0.6064814814814815,3.998316498316501
263,19.999,csqa,CSQA,1221,0.32186732186732187,0.3521703521703522,3.030303030303033,0.3325143325143325,0.35053235053235055,1.8018018018018056
263,19.999,hellaswag,HellaSwag,10042,0.33867755427205737,0.3325034853614818,-0.6174068910575592,0.40579565823541125,0.39533957379008167,-1.0456084445329583
263,19.999,mmlu,MMLU,14042,0.23707449081327447,0.23999430280586811,0.29198119925936405,0.23707449081327447,0.23999430280586811,0.29198119925936405
263,19.999,openbookqa,OpenBookQA,500,0.22,0.21,-1.0000000000000009,0.32,0.338,1.8000000000000016
263,19.999,piqa,PIQA,1838,0.6958650707290533,0.6893362350380848,-0.6528835690968515,0.6838955386289445,0.6692056583242655,-1.4689880304678993
263,19.999,sciq,SciQ,1000,0.813,0.829,1.6000000000000014,0.734,0.759,2.500000000000002
263,19.999,siqa,SIQA,1954,0.37615148413510746,0.38996929375639716,1.38178096212897,0.4155578300921187,0.41914022517911975,0.35823950870010335
263,19.999,winogrande,WinoGrande,1267,0.5201262825572218,0.5114443567482242,-0.8681925808997626,0.5217048145224941,0.5082872928176796,-1.3417521704814472
469,1.049,arc_challenge,ARC-C,1172,0.198805,0.224403,2.5597999999999983,0.246587,0.260239,1.3651999999999997
469,1.049,arc_easy,ARC-E,2376,0.476010101010101,0.4957912457912458,1.9781144781144788,0.43602693602693604,0.4297138047138047,-0.6313131313131326
469,1.049,csqa,CSQA,1221,0.2547092547092547,0.2285012285012285,-2.6208026208026203,0.2751842751842752,0.2719082719082719,-0.3276003276003303
469,1.049,hellaswag,HellaSwag,10042,0.2795259908384784,0.27992431786496713,0.039832702648873175,0.29067914758016333,0.29247161919936265,0.17924716191993206
469,1.049,mmlu,MMLU,14042,0.23144851160803304,0.23515168779376158,0.3703176185728546,0.23144851160803304,0.23515168779376158,0.3703176185728546
469,1.049,openbookqa,OpenBookQA,500,0.172,0.16,-1.1999999999999984,0.286,0.286,0.0
469,1.049,piqa,PIQA,1838,0.6022850924918389,0.6050054406964092,0.2720348204570233,0.5968443960826986,0.602829162132753,0.598476605005438
469,1.049,sciq,SciQ,1000,0.698,0.712,1.4000000000000012,0.599,0.618,1.9000000000000017
469,1.049,siqa,SIQA,1954,0.3602865916069601,0.3602865916069601,0.0,0.40429887410440124,0.39662231320368474,-0.76765609007165
469,1.049,winogrande,WinoGrande,1267,0.5146014206787688,0.5224940805051302,0.7892659826361448,0.4972375690607735,0.5130228887134964,1.5785319652722951
469,2.097,arc_challenge,ARC-C,1172,0.210751,0.238908,2.8157000000000014,0.250853,0.273038,2.218500000000001
469,2.097,arc_easy,ARC-E,2376,0.5353535353535354,0.5669191919191919,3.1565656565656575,0.45664983164983164,0.5025252525252525,4.587542087542085
469,2.097,csqa,CSQA,1221,0.29484029484029484,0.2620802620802621,-3.2760032760032756,0.3022113022113022,0.29975429975429974,-0.24570024570024773
469,2.097,hellaswag,HellaSwag,10042,0.2932682732523402,0.2898824935271858,-0.33857797251543587,0.32423819956184025,0.32573192591117306,0.14937263493328135
469,2.097,mmlu,MMLU,14042,0.2340834638940322,0.23109243697478993,-0.29910269192422734,0.2340834638940322,0.23109243697478993,-0.29910269192422734
469,2.097,openbookqa,OpenBookQA,500,0.188,0.172,-1.6000000000000014,0.32,0.306,-1.4000000000000012
469,2.097,piqa,PIQA,1838,0.6447225244831338,0.6289445048966268,-1.5778019586507042,0.6354733405875952,0.6213275299238302,-1.4145810663764968
469,2.097,sciq,SciQ,1000,0.749,0.791,4.200000000000004,0.642,0.694,5.199999999999994
469,2.097,siqa,SIQA,1954,0.37001023541453426,0.36131013306038895,-0.8700102354145312,0.4124872057318321,0.40429887410440124,-0.8188331627430878
469,2.097,winogrande,WinoGrande,1267,0.5074980268350434,0.500394632991318,-0.7103393843725381,0.5098658247829518,0.4877663772691397,-2.209944751381215
469,3.146,arc_challenge,ARC-C,1172,0.237201,0.264505,2.7303999999999995,0.267065,0.293515,2.645000000000003
469,3.146,arc_easy,ARC-E,2376,0.5496632996632996,0.5989057239057239,4.924242424242431,0.5037878787878788,0.5568181818181818,5.303030303030298
469,3.146,csqa,CSQA,1221,0.27682227682227684,0.3194103194103194,4.258804258804255,0.30548730548730546,0.3325143325143325,2.7027027027027026
469,3.146,hellaswag,HellaSwag,10042,0.31009759012148974,0.3059151563433579,-0.4182433778131822,0.34863572993427605,0.345947022505477,-0.2688707428799064
469,3.146,mmlu,MMLU,14042,0.2457627118644068,0.24405355362483977,-0.17091582395670213,0.2457627118644068,0.24405355362483977,-0.17091582395670213
469,3.146,openbookqa,OpenBookQA,500,0.162,0.2,3.8000000000000007,0.318,0.32,0.20000000000000018
469,3.146,piqa,PIQA,1838,0.6496191512513602,0.6381936887921654,-1.1425462459194735,0.6305767138193689,0.6327529923830251,0.21762785636562088
469,3.146,sciq,SciQ,1000,0.775,0.811,3.600000000000003,0.662,0.724,6.199999999999994
469,3.146,siqa,SIQA,1954,0.372057318321392,0.3766632548618219,0.46059365404299,0.4257932446264074,0.41760491299897645,-0.8188331627430934
469,3.146,winogrande,WinoGrande,1267,0.5043409629044988,0.5114443567482242,0.7103393843725381,0.4980268350434096,0.4980268350434096,0.0
469,4.194,arc_challenge,ARC-C,1172,0.234642,0.275597,4.0954999999999995,0.271331,0.304608,3.3277
469,4.194,arc_easy,ARC-E,2376,0.5572390572390572,0.6115319865319865,5.429292929292928,0.48947811447811446,0.5572390572390572,6.776094276094274
469,4.194,csqa,CSQA,1221,0.30057330057330056,0.2989352989352989,-0.16380016380016515,0.30794430794430794,0.3226863226863227,1.4742014742014753
469,4.194,hellaswag,HellaSwag,10042,0.31398127862975506,0.3145787691694881,0.05974905397330699,0.3652658832901812,0.36247759410476,-0.2788289185421233
469,4.194,mmlu,MMLU,14042,0.23678963110667997,0.23493804301381568,-0.1851588092864287,0.23678963110667997,0.23493804301381568,-0.1851588092864287
469,4.194,openbookqa,OpenBookQA,500,0.194,0.192,-0.20000000000000018,0.322,0.332,1.0000000000000009
469,4.194,piqa,PIQA,1838,0.6594124047878128,0.6463547334058759,-1.305767138193692,0.6447225244831338,0.6436343852013058,-0.10881392818280489
469,4.194,sciq,SciQ,1000,0.791,0.815,2.399999999999991,0.679,0.703,2.399999999999991
469,4.194,siqa,SIQA,1954,0.37871033776867963,0.38792221084953943,0.92118730808598,0.42681678607983625,0.4201637666325486,-0.6653019447287634
469,4.194,winogrande,WinoGrande,1267,0.505130228887135,0.5067087608524072,0.15785319652722452,0.5043409629044988,0.4988161010260458,-0.5524861878453025
469,5.243,arc_challenge,ARC-C,1172,0.243174,0.27901,3.583599999999998,0.284983,0.31058,2.559700000000004
469,5.243,arc_easy,ARC-E,2376,0.5635521885521886,0.6308922558922558,6.734006734006726,0.5004208754208754,0.5774410774410774,7.702020202020199
469,5.243,csqa,CSQA,1221,0.29811629811629814,0.3235053235053235,2.538902538902538,0.3284193284193284,0.3202293202293202,-0.8190008190008202
469,5.243,hellaswag,HellaSwag,10042,0.321449910376419,0.3179645488946425,-0.34853614817765277,0.37870942043417644,0.3708424616610237,-0.7866958773152744
469,5.243,mmlu,MMLU,14042,0.23273038028770832,0.24590514171770403,1.3174761429995714,0.23273038028770832,0.24590514171770403,1.3174761429995714
469,5.243,openbookqa,OpenBookQA,500,0.18,0.184,0.40000000000000036,0.31,0.32,1.0000000000000009
469,5.243,piqa,PIQA,1838,0.6561479869423286,0.6621327529923831,0.5984766050054491,0.6610446137105549,0.6452665941240479,-1.5778019586507042
469,5.243,sciq,SciQ,1000,0.802,0.816,1.3999999999999901,0.71,0.732,2.200000000000002
469,5.243,siqa,SIQA,1954,0.3781985670419652,0.3741044012282497,-0.4094165813715467,0.4247697031729785,0.42067553735926305,-0.4094165813715467
469,5.243,winogrande,WinoGrande,1267,0.5027624309392266,0.5067087608524072,0.39463299131806684,0.4972375690607735,0.4980268350434096,0.07892659826361226
469,6.291,arc_challenge,ARC-C,1172,0.25,0.277304,2.7303999999999995,0.268771,0.31058,4.180900000000004
469,6.291,arc_easy,ARC-E,2376,0.5778619528619529,0.6481481481481481,7.0286195286195285,0.5109427609427609,0.5959595959595959,8.501683501683498
469,6.291,csqa,CSQA,1221,0.2932022932022932,0.3488943488943489,5.569205569205571,0.3202293202293202,0.33988533988533987,1.9656019656019652
469,6.291,hellaswag,HellaSwag,10042,0.3280223063134834,0.32463652658832903,-0.33857797251543587,0.3842859988050189,0.3801035650268871,-0.4182433778131822
469,6.291,mmlu,MMLU,14042,0.2377154251531121,0.24789915966386555,1.0183734510753468,0.2377154251531121,0.24789915966386555,1.0183734510753468
469,6.291,openbookqa,OpenBookQA,500,0.196,0.186,-1.0000000000000009,0.312,0.32,0.8000000000000007
469,6.291,piqa,PIQA,1838,0.6730141458106638,0.6621327529923831,-1.088139281828071,0.6681175190424374,0.6507072905331882,-1.7410228509249226
469,6.291,sciq,SciQ,1000,0.809,0.834,2.499999999999991,0.713,0.741,2.8000000000000025
469,6.291,siqa,SIQA,1954,0.37308085977482086,0.38638689866939613,1.3306038894575267,0.4278403275332651,0.4201637666325486,-0.76765609007165
469,6.291,winogrande,WinoGrande,1267,0.5138121546961326,0.5193370165745856,0.5524861878453025,0.4980268350434096,0.500394632991318,0.23677979479084232
469,7.34,arc_challenge,ARC-C,1172,0.25,0.283276,3.3275999999999972,0.284983,0.313993,2.9010000000000034
469,7.34,arc_easy,ARC-E,2376,0.5635521885521886,0.656986531986532,9.343434343434343,0.5025252525252525,0.6140572390572391,11.15319865319866
469,7.34,csqa,CSQA,1221,0.29975429975429974,0.3284193284193284,2.8665028665028682,0.31695331695331697,0.33742833742833744,2.047502047502048
469,7.34,hellaswag,HellaSwag,10042,0.32812188807010556,0.3265285799641506,-0.15933081059549825,0.3886675960963951,0.3852818163712408,-0.3385779725154303
469,7.34,mmlu,MMLU,14042,0.23807149978635522,0.240777666999003,0.270616721264777,0.23807149978635522,0.240777666999003,0.270616721264777
469,7.34,openbookqa,OpenBookQA,500,0.182,0.188,0.6000000000000005,0.318,0.326,0.8000000000000007
469,7.34,piqa,PIQA,1838,0.6773667029379761,0.6643090315560392,-1.305767138193692,0.6751904243743199,0.6528835690968444,-2.2306855277475446
469,7.34,sciq,SciQ,1000,0.799,0.823,2.399999999999991,0.719,0.758,3.9000000000000035
469,7.34,siqa,SIQA,1954,0.38331627430910953,0.3797338792221085,-0.35823950870010335,0.4344933469805527,0.4232343909928352,-1.1258955987717478
469,7.34,winogrande,WinoGrande,1267,0.5082872928176796,0.5074980268350434,-0.07892659826361781,0.4996053670086819,0.4988161010260458,-0.07892659826361226
469,8.389,arc_challenge,ARC-C,1172,0.262799,0.302048,3.924899999999998,0.280717,0.321672,4.095500000000002
469,8.389,arc_easy,ARC-E,2376,0.5707070707070707,0.6586700336700336,8.79629629629629,0.5058922558922558,0.6115319865319865,10.563973063973064
469,8.389,csqa,CSQA,1221,0.3095823095823096,0.33742833742833744,2.7846027846027854,0.32678132678132676,0.33906633906633904,1.2285012285012276
469,8.389,hellaswag,HellaSwag,10042,0.3348934475204143,0.329416450906194,-0.5476996614220297,0.3941445927106154,0.3913563035251942,-0.2788289185421233
469,8.389,mmlu,MMLU,14042,0.23251673550776242,0.23928215353938184,0.6765418031619425,0.23251673550776242,0.23928215353938184,0.6765418031619425
469,8.389,openbookqa,OpenBookQA,500,0.2,0.196,-0.40000000000000036,0.324,0.328,0.40000000000000036
469,8.389,piqa,PIQA,1838,0.6730141458106638,0.6664853101196954,-0.6528835690968404,0.6724700761697497,0.661588683351469,-1.088139281828071
469,8.389,sciq,SciQ,1000,0.821,0.837,1.6000000000000014,0.726,0.747,2.100000000000002
469,8.389,siqa,SIQA,1954,0.3751279426816786,0.37871033776867963,0.35823950870010335,0.43193449334698053,0.42374616171954965,-0.8188331627430878
469,8.389,winogrande,WinoGrande,1267,0.5153906866614049,0.5217048145224941,0.6314127861089203,0.5082872928176796,0.5074980268350434,-0.07892659826361781
469,9.437,arc_challenge,ARC-C,1172,0.262799,0.28413,2.133099999999999,0.282423,0.323379,4.095600000000005
469,9.437,arc_easy,ARC-E,2376,0.5795454545454546,0.6456228956228957,6.607744107744107,0.5252525252525253,0.6085858585858586,8.333333333333325
469,9.437,csqa,CSQA,1221,0.31613431613431614,0.3333333333333333,1.7199017199017175,0.32186732186732187,0.34561834561834565,2.375102375102378
469,9.437,hellaswag,HellaSwag,10042,0.3372834096793467,0.33270264887472617,-0.4580760804620554,0.39982075283808005,0.39364668392750446,-0.6174068910575592
469,9.437,mmlu,MMLU,14042,0.25402364335564737,0.2652756017661302,1.125195841048282,0.25402364335564737,0.2652756017661302,1.125195841048282
469,9.437,openbookqa,OpenBookQA,500,0.194,0.202,0.8000000000000007,0.336,0.332,-0.40000000000000036
469,9.437,piqa,PIQA,1838,0.6746463547334058,0.6583242655059848,-1.6322089227421066,0.6653971708378672,0.6545157780195865,-1.088139281828071
469,9.437,sciq,SciQ,1000,0.822,0.832,1.0000000000000009,0.759,0.739,-2.0000000000000018
469,9.437,siqa,SIQA,1954,0.38792221084953943,0.387410440122825,-0.051177072671443335,0.4329580348004094,0.42374616171954965,-0.9211873080859745
469,9.437,winogrande,WinoGrande,1267,0.5122336227308603,0.5153906866614049,0.31570639305446013,0.510655090765588,0.5043409629044988,-0.6314127861089203
469,10.486,arc_challenge,ARC-C,1172,0.254266,0.30802,5.375400000000003,0.283276,0.330205,4.692900000000005
469,10.486,arc_easy,ARC-E,2376,0.6026936026936027,0.6494107744107744,4.671717171717171,0.5366161616161617,0.6094276094276094,7.281144781144777
469,10.486,csqa,CSQA,1221,0.33415233415233414,0.34725634725634724,1.3104013104013101,0.3325143325143325,0.35626535626535627,2.375102375102378
469,10.486,hellaswag,HellaSwag,10042,0.3398725353515236,0.33578968333001397,-0.4082852021509653,0.40310695080661224,0.39693288189603665,-0.6174068910575592
469,10.486,mmlu,MMLU,14042,0.23372738926078906,0.24882495371029767,1.5097564449508605,0.23372738926078906,0.24882495371029767,1.5097564449508605
469,10.486,openbookqa,OpenBookQA,500,0.19,0.196,0.6000000000000005,0.334,0.336,0.20000000000000018
469,10.486,piqa,PIQA,1838,0.6746463547334058,0.6675734494015234,-0.7072905331882429,0.6795429815016322,0.6632208922742111,-1.6322089227421066
469,10.486,sciq,SciQ,1000,0.832,0.833,0.10000000000000009,0.738,0.759,2.100000000000002
469,10.486,siqa,SIQA,1954,0.3930399181166837,0.38945752302968273,-0.3582395087000978,0.42835209825997955,0.4263050153531218,-0.20470829068577334
469,10.486,winogrande,WinoGrande,1267,0.5256511444356748,0.5146014206787688,-1.104972375690605,0.505130228887135,0.5035516969218626,-0.15785319652723562
469,11.534,arc_challenge,ARC-C,1172,0.265358,0.301195,3.5837000000000008,0.282423,0.317406,3.498300000000004
469,11.534,arc_easy,ARC-E,2376,0.6005892255892256,0.6460437710437711,4.545454545454552,0.5294612794612794,0.6005892255892256,7.112794612794615
469,11.534,csqa,CSQA,1221,0.3202293202293202,0.34725634725634724,2.7027027027027026,0.32596232596232594,0.35053235053235055,2.457002457002461
469,11.534,hellaswag,HellaSwag,10042,0.3439553873730333,0.33628759211312487,-0.7667795259908405,0.4095797649870544,0.4032065325632344,-0.6373232423819986
469,11.534,mmlu,MMLU,14042,0.2344395385272753,0.2335137444808432,-0.09257940464321157,0.2344395385272753,0.2335137444808432,-0.09257940464321157
469,11.534,openbookqa,OpenBookQA,500,0.188,0.196,0.8000000000000007,0.342,0.344,0.19999999999999463
469,11.534,piqa,PIQA,1838,0.6828073993471164,0.676278563656148,-0.6528835690968404,0.6789989118607181,0.6664853101196954,-1.2513601741022784
469,11.534,sciq,SciQ,1000,0.817,0.828,1.100000000000001,0.726,0.743,1.7000000000000015
469,11.534,siqa,SIQA,1954,0.38331627430910953,0.38485158648925283,0.15353121801433,0.43193449334698053,0.42835209825997955,-0.3582395087000978
469,11.534,winogrande,WinoGrande,1267,0.5098658247829518,0.5201262825572218,1.0260457774269982,0.5019731649565904,0.5082872928176796,0.6314127861089203
469,12.583,arc_challenge,ARC-C,1172,0.260239,0.312287,5.204799999999999,0.284983,0.319966,3.4982999999999986
469,12.583,arc_easy,ARC-E,2376,0.6115319865319865,0.6683501683501684,5.681818181818188,0.5521885521885522,0.6321548821548821,7.996632996632991
469,12.583,csqa,CSQA,1221,0.35053235053235055,0.3669123669123669,1.638001638001635,0.33742833742833744,0.35298935298935297,1.5561015561015523
469,12.583,hellaswag,HellaSwag,10042,0.34355706034654454,0.3405696076478789,-0.2987452698665627,0.40898227444732127,0.40599482174865564,-0.2987452698665627
469,12.583,mmlu,MMLU,14042,0.23999430280586811,0.23921093861273324,-0.07833641931348778,0.23999430280586811,0.23921093861273324,-0.07833641931348778
469,12.583,openbookqa,OpenBookQA,500,0.192,0.214,2.1999999999999993,0.33,0.356,2.599999999999997
469,12.583,piqa,PIQA,1838,0.6882480957562568,0.6741022850924918,-1.4145810663764968,0.6931447225244831,0.6713819368879217,-2.176278563656142
469,12.583,sciq,SciQ,1000,0.816,0.842,2.6000000000000023,0.733,0.77,3.7000000000000033
469,12.583,siqa,SIQA,1954,0.3858751279426817,0.38638689866939613,0.051177072671443335,0.4314227226202661,0.4263050153531218,-0.5117707267144278
469,12.583,winogrande,WinoGrande,1267,0.5185477505919495,0.5177584846093133,-0.07892659826361781,0.5027624309392266,0.510655090765588,0.7892659826361448
469,13.631,arc_challenge,ARC-C,1172,0.268771,0.299488,3.0716999999999994,0.296928,0.316553,1.9624999999999948
469,13.631,arc_easy,ARC-E,2376,0.61489898989899,0.6595117845117845,4.461279461279455,0.5711279461279462,0.5989057239057239,2.777777777777779
469,13.631,csqa,CSQA,1221,0.3652743652743653,0.3284193284193284,-3.6855036855036882,0.36445536445536447,0.3407043407043407,-2.375102375102378
469,13.631,hellaswag,HellaSwag,10042,0.3467436765584545,0.3399721171081458,-0.6771559450308717,0.41884086835291773,0.4139613622784306,-0.48795060744871166
469,13.631,mmlu,MMLU,14042,0.2461187864976499,0.23835635949294973,-0.7762427004700173,0.2461187864976499,0.23835635949294973,-0.7762427004700173
469,13.631,openbookqa,OpenBookQA,500,0.208,0.208,0.0,0.336,0.326,-1.0000000000000009
469,13.631,piqa,PIQA,1838,0.6947769314472253,0.6741022850924918,-2.0674646354733484,0.6887921653971708,0.6681175190424374,-2.0674646354733373
469,13.631,sciq,SciQ,1000,0.835,0.859,2.400000000000002,0.771,0.77,-0.10000000000000009
469,13.631,siqa,SIQA,1954,0.38536335721596726,0.37308085977482086,-1.22824974411464,0.4406345957011259,0.4201637666325486,-2.047082906857728
469,13.631,winogrande,WinoGrande,1267,0.5122336227308603,0.5248618784530387,1.2628255722178405,0.510655090765588,0.5185477505919495,0.7892659826361448
469,14.68,arc_challenge,ARC-C,1172,0.267918,0.308874,4.095599999999999,0.296928,0.316553,1.9624999999999948
469,14.68,arc_easy,ARC-E,2376,0.6153198653198653,0.6603535353535354,4.503367003367009,0.5534511784511784,0.6199494949494949,6.6498316498316505
469,14.68,csqa,CSQA,1221,0.3628173628173628,0.35544635544635544,-0.7371007371007376,0.3488943488943489,0.34807534807534807,-0.08190008190008258
469,14.68,hellaswag,HellaSwag,10042,0.34694284007169884,0.33957379008165706,-0.7369049990041787,0.4214299940250946,0.4100776737701653,-1.1352320254929327
469,14.68,mmlu,MMLU,14042,0.24255804016521862,0.253525138869107,1.0967098703888372,0.24255804016521862,0.253525138869107,1.0967098703888372
469,14.68,openbookqa,OpenBookQA,500,0.202,0.22,1.799999999999999,0.332,0.358,2.599999999999997
469,14.68,piqa,PIQA,1838,0.6838955386289445,0.6784548422198041,-0.5440696409140355,0.6817192600652884,0.6713819368879217,-1.0337323177366686
469,14.68,sciq,SciQ,1000,0.835,0.835,0.0,0.735,0.769,3.400000000000003
469,14.68,siqa,SIQA,1954,0.3925281473899693,0.3843398157625384,-0.8188331627430878,0.43193449334698053,0.41914022517911975,-1.2794268167860778
469,14.68,winogrande,WinoGrande,1267,0.5248618784530387,0.5153906866614049,-0.9471191791633804,0.5027624309392266,0.5146014206787688,1.1838989739542227
469,15.729,arc_challenge,ARC-C,1172,0.273891,0.305461,3.1569999999999987,0.31058,0.332765,2.2184999999999953
469,15.729,arc_easy,ARC-E,2376,0.6115319865319865,0.6792929292929293,6.77609427609428,0.5509259259259259,0.6203703703703703,6.944444444444442
469,15.729,csqa,CSQA,1221,0.36117936117936117,0.36445536445536447,0.3276003276003303,0.3570843570843571,0.34316134316134317,-1.3923013923013927
469,15.729,hellaswag,HellaSwag,10042,0.35012945628360886,0.34226249751045607,-0.7866958773152799,0.4215295757817168,0.4124676359290978,-0.9061939852618994
469,15.729,mmlu,MMLU,14042,0.24120495655889473,0.2438399088448939,0.2634952285999165,0.24120495655889473,0.2438399088448939,0.2634952285999165
469,15.729,openbookqa,OpenBookQA,500,0.196,0.224,2.8,0.334,0.354,1.9999999999999962
469,15.729,piqa,PIQA,1838,0.6877040261153428,0.6871599564744287,-0.05440696409140244,0.6817192600652884,0.6713819368879217,-1.0337323177366686
469,15.729,sciq,SciQ,1000,0.827,0.845,1.8000000000000016,0.745,0.763,1.8000000000000016
469,15.729,siqa,SIQA,1954,0.394575230296827,0.38689866939611056,-0.7676560900716445,0.4293756397134084,0.4273285568065507,-0.20470829068577334
469,15.729,winogrande,WinoGrande,1267,0.5169692186266772,0.5217048145224941,0.47355958958168465,0.4988161010260458,0.5090765588003157,1.026045777426987
469,16.777,arc_challenge,ARC-C,1172,0.283276,0.316553,3.3277,0.296075,0.331911,3.5836000000000032
469,16.777,arc_easy,ARC-E,2376,0.6085858585858586,0.6679292929292929,5.934343434343436,0.5572390572390572,0.6161616161616161,5.892255892255893
469,16.777,csqa,CSQA,1221,0.34234234234234234,0.33824733824733827,-0.40950040950040734,0.34807534807534807,0.36036036036036034,1.2285012285012276
469,16.777,hellaswag,HellaSwag,10042,0.3521210914160526,0.343258315076678,-0.8862776339374601,0.4297948615813583,0.41585341565425216,-1.3941445927106166
469,16.777,mmlu,MMLU,14042,0.2307363623415468,0.23557897735365332,0.48426150121065326,0.2307363623415468,0.23557897735365332,0.48426150121065326
469,16.777,openbookqa,OpenBookQA,500,0.194,0.206,1.1999999999999984,0.33,0.344,1.3999999999999957
469,16.777,piqa,PIQA,1838,0.6969532100108814,0.6730141458106638,-2.393906420021763,0.6947769314472253,0.6719260065288357,-2.285092491838958
469,16.777,sciq,SciQ,1000,0.832,0.851,1.9000000000000017,0.737,0.776,3.9000000000000035
469,16.777,siqa,SIQA,1954,0.3915046059365404,0.38843398157625386,-0.30706243602865446,0.44165813715455476,0.4242579324462641,-1.7400204708290679
469,16.777,winogrande,WinoGrande,1267,0.5209155485398579,0.5209155485398579,0.0,0.4996053670086819,0.5027624309392266,0.3157063930544657
469,17.826,arc_challenge,ARC-C,1172,0.28157,0.306314,2.474399999999999,0.294369,0.319966,2.559699999999998
469,17.826,arc_easy,ARC-E,2376,0.6127946127946128,0.6628787878787878,5.008417508417507,0.5475589225589226,0.61489898989899,6.734006734006737
469,17.826,csqa,CSQA,1221,0.35298935298935297,0.36036036036036034,0.7371007371007376,0.3497133497133497,0.3546273546273546,0.4914004914004899
469,17.826,hellaswag,HellaSwag,10042,0.3527185819557857,0.3452499502091217,-0.7468631746664012,0.43158733320055764,0.41674965146385184,-1.48376817367058
469,17.826,mmlu,MMLU,14042,0.23807149978635522,0.23864121919954423,0.05697194131890071,0.23807149978635522,0.23864121919954423,0.05697194131890071
469,17.826,openbookqa,OpenBookQA,500,0.202,0.212,0.9999999999999981,0.334,0.342,0.8000000000000007
469,17.826,piqa,PIQA,1838,0.6871599564744287,0.6866158868335147,-0.05440696409140244,0.6996735582154516,0.6719260065288357,-2.774755168661591
469,17.826,sciq,SciQ,1000,0.83,0.847,1.7000000000000015,0.732,0.769,3.7000000000000033
469,17.826,siqa,SIQA,1954,0.387410440122825,0.3828045035823951,-0.46059365404299,0.44114636642784033,0.42988741044012285,-1.1258955987717478
469,17.826,winogrande,WinoGrande,1267,0.526440410418311,0.5146014206787688,-1.1838989739542227,0.5074980268350434,0.505130228887135,-0.23677979479084232
469,18.874,arc_challenge,ARC-C,1172,0.275597,0.307167,3.1570000000000045,0.305461,0.332765,2.7303999999999995
469,18.874,arc_easy,ARC-E,2376,0.6287878787878788,0.6734006734006734,4.4612794612794655,0.5681818181818182,0.6359427609427609,6.776094276094269
469,18.874,csqa,CSQA,1221,0.3628173628173628,0.3652743652743653,0.24570024570024773,0.35053235053235055,0.3677313677313677,1.7199017199017175
469,18.874,hellaswag,HellaSwag,10042,0.35610436168094006,0.34953196574387574,-0.6572395937064324,0.43835889265086636,0.4235212109141605,-1.4837681736705854
469,18.874,mmlu,MMLU,14042,0.23835635949294973,0.24711579547073068,0.8759435977780949,0.23835635949294973,0.24711579547073068,0.8759435977780949
469,18.874,openbookqa,OpenBookQA,500,0.204,0.21,0.6000000000000005,0.336,0.332,-0.40000000000000036
469,18.874,piqa,PIQA,1838,0.6893362350380848,0.691512513601741,0.21762785636562088,0.6974972796517954,0.675734494015234,-2.176278563656142
469,18.874,sciq,SciQ,1000,0.829,0.849,2.0000000000000018,0.748,0.776,2.8000000000000025
469,18.874,siqa,SIQA,1954,0.38792221084953943,0.3915046059365404,0.3582395087000978,0.43500511770726713,0.4263050153531218,-0.8700102354145312
469,18.874,winogrande,WinoGrande,1267,0.526440410418311,0.5146014206787688,-1.1838989739542227,0.5146014206787688,0.505130228887135,-0.9471191791633804
469,19.923,arc_challenge,ARC-C,1172,0.285836,0.319966,3.4129999999999994,0.302901,0.337031,3.4130000000000047
469,19.923,arc_easy,ARC-E,2376,0.6254208754208754,0.6868686868686869,6.144781144781142,0.5728114478114478,0.6414141414141414,6.860269360269367
469,19.923,csqa,CSQA,1221,0.3570843570843571,0.36609336609336607,0.9009009009008973,0.35053235053235055,0.3669123669123669,1.638001638001635
469,19.923,hellaswag,HellaSwag,10042,0.3611830312686716,0.350726946823342,-1.0456084445329583,0.4462258514240191,0.43168691495717987,-1.4538936466839236
469,19.923,mmlu,MMLU,14042,0.24056402221905712,0.2488961686369463,0.833214641788918,0.24056402221905712,0.2488961686369463,0.833214641788918
469,19.923,openbookqa,OpenBookQA,500,0.22,0.202,-1.799999999999999,0.346,0.34,-0.599999999999995
469,19.923,piqa,PIQA,1838,0.7013057671381937,0.6936887921653971,-0.7616974972796564,0.7072905331882481,0.6789989118607181,-2.8291621327529937
469,19.923,sciq,SciQ,1000,0.847,0.857,1.0000000000000009,0.758,0.788,3.0000000000000027
469,19.923,siqa,SIQA,1954,0.39048106448311154,0.394575230296827,0.4094165813715467,0.43091095189355166,0.42374616171954965,-0.7164790174002011
469,19.923,winogrande,WinoGrande,1267,0.5303867403314917,0.5232833464877664,-0.710339384372527,0.5122336227308603,0.5177584846093133,0.5524861878453025
469,19.999,arc_challenge,ARC-C,1172,0.285836,0.322526,3.669,0.303754,0.335324,3.1569999999999987
469,19.999,arc_easy,ARC-E,2376,0.6224747474747475,0.6868686868686869,6.439393939393934,0.5728114478114478,0.640993265993266,6.818181818181824
469,19.999,csqa,CSQA,1221,0.3538083538083538,0.361998361998362,0.8190008190008202,0.3488943488943489,0.36609336609336607,1.7199017199017175
469,19.999,hellaswag,HellaSwag,10042,0.36148177653853814,0.3504282015534754,-1.1053574985062709,0.4451304521011751,0.4318860784704242,-1.3244373630750872
469,19.999,mmlu,MMLU,14042,0.24312775957840763,0.2488961686369463,0.5768409058538676,0.24312775957840763,0.2488961686369463,0.5768409058538676
469,19.999,openbookqa,OpenBookQA,500,0.216,0.21,-0.6000000000000005,0.342,0.348,0.599999999999995
469,19.999,piqa,PIQA,1838,0.7007616974972797,0.6953210010881393,-0.5440696409140355,0.7083786724700761,0.6822633297062024,-2.611534276387373
469,19.999,sciq,SciQ,1000,0.846,0.854,0.8000000000000007,0.753,0.789,3.600000000000003
469,19.999,siqa,SIQA,1954,0.3915046059365404,0.394575230296827,0.30706243602866,0.43193449334698053,0.4232343909928352,-0.8700102354145312
469,19.999,winogrande,WinoGrande,1267,0.5303867403314917,0.5295974743488555,-0.07892659826361781,0.510655090765588,0.5169692186266772,0.6314127861089203
803,1.049,arc_challenge,ARC-C,1172,0.205631,0.21587,1.0238999999999998,0.239761,0.245734,0.5973000000000006
803,1.049,arc_easy,ARC-E,2376,0.48063973063973064,0.5067340067340067,2.609427609427606,0.43013468013468015,0.4684343434343434,3.829966329966328
803,1.049,csqa,CSQA,1221,0.2547092547092547,0.2547092547092547,0.0,0.29238329238329236,0.28255528255528256,-0.9828009828009798
803,1.049,hellaswag,HellaSwag,10042,0.28231428002389963,0.28271260705038836,0.039832702648873175,0.2952599083847839,0.30262895837482573,0.7369049990041843
803,1.049,mmlu,MMLU,14042,0.23038028770830365,0.22931206380857427,-0.10682238997293814,0.23038028770830365,0.22931206380857427,-0.10682238997293814
803,1.049,openbookqa,OpenBookQA,500,0.184,0.152,-3.2,0.268,0.306,3.799999999999998
803,1.049,piqa,PIQA,1838,0.6131664853101197,0.6093579978237215,-0.3808487486398282,0.5957562568008705,0.5935799782372143,-0.21762785636562088
803,1.049,sciq,SciQ,1000,0.687,0.736,4.899999999999993,0.604,0.637,3.300000000000003
803,1.049,siqa,SIQA,1954,0.36591606960081885,0.35823950870010235,-0.76765609007165,0.4068577277379734,0.39815762538382804,-0.8700102354145367
803,1.049,winogrande,WinoGrande,1267,0.5090765588003157,0.5114443567482242,0.23677979479085343,0.5059194948697711,0.5067087608524072,0.07892659826361781
803,2.097,arc_challenge,ARC-C,1172,0.21587,0.254266,3.8395999999999986,0.262799,0.266212,0.34129999999999994
803,2.097,arc_easy,ARC-E,2376,0.5462962962962963,0.5761784511784511,2.9882154882154843,0.47474747474747475,0.5143097643097643,3.9562289562289523
803,2.097,csqa,CSQA,1221,0.29484029484029484,0.28746928746928746,-0.7371007371007376,0.3071253071253071,0.3063063063063063,-0.08190008190008258
803,2.097,hellaswag,HellaSwag,10042,0.3020314678350926,0.2961561441943836,-0.5875323640709029,0.33479386576379205,0.33608842859988053,0.12945628360884753
803,2.097,mmlu,MMLU,14042,0.23287281014100555,0.2335849594074918,0.0712149266486245,0.23287281014100555,0.2335849594074918,0.0712149266486245
803,2.097,openbookqa,OpenBookQA,500,0.2,0.174,-2.6000000000000023,0.338,0.33,-0.8000000000000007
803,2.097,piqa,PIQA,1838,0.6376496191512514,0.6343852013057671,-0.32644178454842576,0.6245919477693145,0.6392818280739935,1.4689880304678993
803,2.097,sciq,SciQ,1000,0.766,0.799,3.300000000000003,0.658,0.688,2.9999999999999916
803,2.097,siqa,SIQA,1954,0.36898669396110545,0.3592630501535312,-0.9723643807574234,0.4104401228249744,0.4007164790174002,-0.9723643807574178
803,2.097,winogrande,WinoGrande,1267,0.49329123914759276,0.5074980268350434,1.420678768745065,0.5122336227308603,0.5027624309392266,-0.9471191791633693
803,3.146,arc_challenge,ARC-C,1172,0.251706,0.277304,2.559800000000001,0.268771,0.285836,1.7064999999999997
803,3.146,arc_easy,ARC-E,2376,0.5782828282828283,0.6043771043771043,2.609427609427606,0.5269360269360269,0.5660774410774411,3.9141414141414144
803,3.146,csqa,CSQA,1221,0.30303030303030304,0.32596232596232594,2.29320229320229,0.32186732186732187,0.3407043407043407,1.8837018837018826
803,3.146,hellaswag,HellaSwag,10042,0.31398127862975506,0.3156741684923322,0.16928898625771516,0.36277633937462656,0.367257518422625,0.44811790479984404
803,3.146,mmlu,MMLU,14042,0.2388548639794901,0.23273038028770832,-0.6124483691781785,0.2388548639794901,0.23273038028770832,-0.6124483691781785
803,3.146,openbookqa,OpenBookQA,500,0.194,0.186,-0.8000000000000007,0.322,0.318,-0.40000000000000036
803,3.146,piqa,PIQA,1838,0.6474428726877041,0.6523394994559304,0.4896626768226331,0.6392818280739935,0.6485310119695321,0.9249183895538637
803,3.146,sciq,SciQ,1000,0.791,0.817,2.599999999999991,0.709,0.728,1.9000000000000017
803,3.146,siqa,SIQA,1954,0.36898669396110545,0.3741044012282497,0.5117707267144278,0.4165813715455476,0.41606960081883315,-0.051177072671443335
803,3.146,winogrande,WinoGrande,1267,0.5082872928176796,0.5035516969218626,-0.47355958958169575,0.5098658247829518,0.5098658247829518,0.0
803,4.194,arc_challenge,ARC-C,1172,0.250853,0.284983,3.4129999999999994,0.272184,0.306314,3.4129999999999994
803,4.194,arc_easy,ARC-E,2376,0.585016835016835,0.6224747474747475,3.7457912457912523,0.5180976430976431,0.5648148148148148,4.671717171717171
803,4.194,csqa,CSQA,1221,0.3153153153153153,0.32104832104832104,0.5733005733005725,0.31695331695331697,0.3325143325143325,1.5561015561015523
803,4.194,hellaswag,HellaSwag,10042,0.3240390360485959,0.32284405496912966,-0.11949810794662508,0.38348934475204144,0.3803027285401315,-0.3186616211909965
803,4.194,mmlu,MMLU,14042,0.2329440250676542,0.23223187580116791,-0.07121492664862727,0.2329440250676542,0.23223187580116791,-0.07121492664862727
803,4.194,openbookqa,OpenBookQA,500,0.202,0.192,-1.0000000000000009,0.314,0.326,1.200000000000001
803,4.194,piqa,PIQA,1838,0.6545157780195865,0.6566920565832427,0.21762785636562088,0.6556039173014145,0.6501632208922742,-0.5440696409140355
803,4.194,sciq,SciQ,1000,0.818,0.828,1.0000000000000009,0.713,0.719,0.6000000000000005
803,4.194,siqa,SIQA,1954,0.3735926305015353,0.372057318321392,-0.15353121801433,0.4140225179119754,0.40736949846468784,-0.6653019447287578
803,4.194,winogrande,WinoGrande,1267,0.516179952644041,0.494869771112865,-2.131018153117603,0.505130228887135,0.510655090765588,0.5524861878453025
803,5.243,arc_challenge,ARC-C,1172,0.255973,0.294369,3.8395999999999986,0.290956,0.30802,1.7064000000000024
803,5.243,arc_easy,ARC-E,2376,0.5972222222222222,0.6548821548821548,5.765993265993263,0.5509259259259259,0.5984848484848485,4.755892255892258
803,5.243,csqa,CSQA,1221,0.3357903357903358,0.3464373464373464,1.0647010647010624,0.3333333333333333,0.3447993447993448,1.1466011466011505
803,5.243,hellaswag,HellaSwag,10042,0.335291774546903,0.33260306711810395,-0.2688707428799064,0.40001991635132444,0.39852619000199163,-0.14937263493328135
803,5.243,mmlu,MMLU,14042,0.2461187864976499,0.2397094430992736,-0.6409343398376288,0.2461187864976499,0.2397094430992736,-0.6409343398376288
803,5.243,openbookqa,OpenBookQA,500,0.196,0.19,-0.6000000000000005,0.32,0.33,1.0000000000000009
803,5.243,piqa,PIQA,1838,0.6730141458106638,0.6681175190424374,-0.4896626768226331,0.6730141458106638,0.6653971708378672,-0.7616974972796564
803,5.243,sciq,SciQ,1000,0.828,0.831,0.30000000000000027,0.729,0.746,1.7000000000000015
803,5.243,siqa,SIQA,1954,0.3930399181166837,0.3812691914022518,-1.1770726714431912,0.41760491299897645,0.4155578300921187,-0.20470829068577334
803,5.243,winogrande,WinoGrande,1267,0.510655090765588,0.5138121546961326,0.31570639305446013,0.4964483030781373,0.5059194948697711,0.9471191791633748
803,6.291,arc_challenge,ARC-C,1172,0.261092,0.296075,3.4982999999999986,0.285836,0.314846,2.9010000000000034
803,6.291,arc_easy,ARC-E,2376,0.6069023569023569,0.6553030303030303,4.840067340067334,0.5513468013468014,0.6069023569023569,5.555555555555558
803,6.291,csqa,CSQA,1221,0.30876330876330876,0.35135135135135137,4.258804258804261,0.32678132678132676,0.3521703521703522,2.5389025389025432
803,6.291,hellaswag,HellaSwag,10042,0.34166500697072294,0.34096793467436765,-0.06970722963552944,0.4100776737701653,0.40509858593905596,-0.4979087831109341
803,6.291,mmlu,MMLU,14042,0.2513174761429996,0.24113374163224613,-1.0183734510753468,0.2513174761429996,0.24113374163224613,-1.0183734510753468
803,6.291,openbookqa,OpenBookQA,500,0.204,0.192,-1.1999999999999984,0.316,0.334,1.8000000000000016
803,6.291,piqa,PIQA,1838,0.6838955386289445,0.6686615886833515,-1.5233949945593017,0.6692056583242655,0.6605005440696409,-0.8705114254624613
803,6.291,sciq,SciQ,1000,0.817,0.84,2.300000000000002,0.74,0.75,1.0000000000000009
803,6.291,siqa,SIQA,1954,0.37615148413510746,0.3828045035823951,0.6653019447287634,0.42374616171954965,0.40992835209826,-1.3817809621289645
803,6.291,winogrande,WinoGrande,1267,0.5193370165745856,0.5043409629044988,-1.4996053670086829,0.49329123914759276,0.5082872928176796,1.4996053670086829
803,7.34,arc_challenge,ARC-C,1172,0.265358,0.298635,3.3277,0.286689,0.331058,4.4369
803,7.34,arc_easy,ARC-E,2376,0.61489898989899,0.6632996632996633,4.840067340067334,0.5517676767676768,0.6195286195286195,6.776094276094269
803,7.34,csqa,CSQA,1221,0.3366093366093366,0.35872235872235875,2.211302211302213,0.34807534807534807,0.36036036036036034,1.2285012285012276
803,7.34,hellaswag,HellaSwag,10042,0.34256124278032263,0.3405696076478789,-0.19916351324437143,0.4171479784903406,0.4140609440350528,-0.3087034455287796
803,7.34,mmlu,MMLU,14042,0.24704458054408204,0.2455490670844609,-0.14955134596211506,0.24704458054408204,0.2455490670844609,-0.14955134596211506
803,7.34,openbookqa,OpenBookQA,500,0.202,0.208,0.5999999999999978,0.318,0.328,1.0000000000000009
803,7.34,piqa,PIQA,1838,0.6817192600652884,0.676278563656148,-0.5440696409140355,0.6697497279651795,0.6741022850924918,0.43525571273123065
803,7.34,sciq,SciQ,1000,0.837,0.845,0.8000000000000007,0.738,0.794,5.600000000000005
803,7.34,siqa,SIQA,1954,0.3971340839303992,0.37461617195496416,-2.2517911975435014,0.4247697031729785,0.4211873080859775,-0.35823950870010335
803,7.34,winogrande,WinoGrande,1267,0.5035516969218626,0.4972375690607735,-0.6314127861089147,0.5043409629044988,0.5019731649565904,-0.23677979479084232
803,8.389,arc_challenge,ARC-C,1172,0.276451,0.304608,2.8156999999999988,0.289249,0.329352,4.0103
803,8.389,arc_easy,ARC-E,2376,0.627104377104377,0.6767676767676768,4.966329966329974,0.5618686868686869,0.6313131313131313,6.944444444444442
803,8.389,csqa,CSQA,1221,0.3407043407043407,0.3579033579033579,1.719901719901723,0.3464373464373464,0.3652743652743653,1.8837018837018882
803,8.389,hellaswag,HellaSwag,10042,0.35062736506671976,0.34485162318263296,-0.5775741884086805,0.4235212109141605,0.418442541326429,-0.507866958773151
803,8.389,mmlu,MMLU,14042,0.24234439538527275,0.2455490670844609,0.3204671699188144,0.24234439538527275,0.2455490670844609,0.3204671699188144
803,8.389,openbookqa,OpenBookQA,500,0.214,0.204,-1.0000000000000009,0.328,0.336,0.8000000000000007
803,8.389,piqa,PIQA,1838,0.6877040261153428,0.6838955386289445,-0.3808487486398282,0.6838955386289445,0.6735582154515778,-1.0337323177366686
803,8.389,sciq,SciQ,1000,0.838,0.856,1.8000000000000016,0.747,0.788,4.100000000000003
803,8.389,siqa,SIQA,1954,0.38229273285568066,0.37154554759467756,-1.07471852610031,0.42988741044012285,0.4247697031729785,-0.5117707267144334
803,8.389,winogrande,WinoGrande,1267,0.5153906866614049,0.5193370165745856,0.39463299131807794,0.5067087608524072,0.5114443567482242,0.47355958958169575
803,9.437,arc_challenge,ARC-C,1172,0.27901,0.308874,2.9864,0.305461,0.328498,2.3037000000000027
803,9.437,arc_easy,ARC-E,2376,0.6363636363636364,0.6531986531986532,1.683501683501687,0.5875420875420876,0.6207912457912458,3.3249158249158195
803,9.437,csqa,CSQA,1221,0.35872235872235875,0.3595413595413595,0.08190008190007703,0.35135135135135137,0.3595413595413595,0.8190008190008147
803,9.437,hellaswag,HellaSwag,10042,0.3536148177653854,0.34783907588129853,-0.577574188408686,0.4314877514439355,0.4204341764588727,-1.1053574985062764
803,9.437,mmlu,MMLU,14042,0.25103261643640506,0.2416322461187865,-0.9400370317618562,0.25103261643640506,0.2416322461187865,-0.9400370317618562
803,9.437,openbookqa,OpenBookQA,500,0.204,0.188,-1.5999999999999988,0.326,0.346,1.9999999999999962
803,9.437,piqa,PIQA,1838,0.6866158868335147,0.6849836779107725,-0.16322089227421843,0.6822633297062024,0.6746463547334058,-0.7616974972796564
803,9.437,sciq,SciQ,1000,0.824,0.843,1.9000000000000017,0.764,0.777,1.3000000000000012
803,9.437,siqa,SIQA,1954,0.37615148413510746,0.3766632548618219,0.051177072671443335,0.43193449334698053,0.4263050153531218,-0.5629477993858711
803,9.437,winogrande,WinoGrande,1267,0.5209155485398579,0.516179952644041,-0.47355958958168465,0.500394632991318,0.5098658247829518,0.9471191791633804
803,10.486,arc_challenge,ARC-C,1172,0.285836,0.318259,3.2423000000000037,0.305461,0.343003,3.7542000000000018
803,10.486,arc_easy,ARC-E,2376,0.632996632996633,0.672979797979798,3.998316498316501,0.585016835016835,0.6380471380471381,5.30303030303031
803,10.486,csqa,CSQA,1221,0.3546273546273546,0.3759213759213759,2.1294021294021306,0.36936936936936937,0.35626535626535627,-1.3104013104013101
803,10.486,hellaswag,HellaSwag,10042,0.3558056164110735,0.35441147181836286,-0.13941445927106444,0.43616809400517825,0.4283011352320255,-0.7866958773152744
803,10.486,mmlu,MMLU,14042,0.25729952998148414,0.24305654465175902,-1.4242985329725122,0.25729952998148414,0.24305654465175902,-1.4242985329725122
803,10.486,openbookqa,OpenBookQA,500,0.21,0.202,-0.7999999999999979,0.322,0.344,2.1999999999999966
803,10.486,piqa,PIQA,1838,0.6882480957562568,0.6806311207834603,-0.7616974972796453,0.6833514689880305,0.6784548422198041,-0.4896626768226331
803,10.486,sciq,SciQ,1000,0.829,0.845,1.6000000000000014,0.747,0.782,3.500000000000003
803,10.486,siqa,SIQA,1954,0.38485158648925283,0.3766632548618219,-0.8188331627430934,0.4263050153531218,0.4186284544524053,-0.76765609007165
803,10.486,winogrande,WinoGrande,1267,0.5224940805051302,0.5098658247829518,-1.2628255722178405,0.5090765588003157,0.5035516969218626,-0.5524861878453025
803,11.534,arc_challenge,ARC-C,1172,0.275597,0.30802,3.2423000000000037,0.290102,0.325085,3.4982999999999986
803,11.534,arc_easy,ARC-E,2376,0.632996632996633,0.6734006734006734,4.040404040404044,0.5736531986531986,0.6258417508417509,5.218855218855223
803,11.534,csqa,CSQA,1221,0.35135135135135137,0.35626535626535627,0.4914004914004899,0.3570843570843571,0.3546273546273546,-0.24570024570024773
803,11.534,hellaswag,HellaSwag,10042,0.35829516032662817,0.35550687114120694,-0.2788289185421233,0.44214299940250945,0.4334793865763792,-0.8663612826130263
803,11.534,mmlu,MMLU,14042,0.2444808431847315,0.23714570573992308,-0.7335137444808432,0.2444808431847315,0.23714570573992308,-0.7335137444808432
803,11.534,openbookqa,OpenBookQA,500,0.214,0.188,-2.5999999999999996,0.33,0.356,2.599999999999997
803,11.534,piqa,PIQA,1838,0.691512513601741,0.6866158868335147,-0.4896626768226331,0.6817192600652884,0.6811751904243744,-0.05440696409140244
803,11.534,sciq,SciQ,1000,0.831,0.837,0.6000000000000005,0.74,0.76,2.0000000000000018
803,11.534,siqa,SIQA,1954,0.38945752302968273,0.38075742067553736,-0.8700102354145367,0.428863868986694,0.42835209825997955,-0.051177072671443335
803,11.534,winogrande,WinoGrande,1267,0.5209155485398579,0.510655090765588,-1.026045777426987,0.5011838989739542,0.510655090765588,0.9471191791633804
803,12.583,arc_challenge,ARC-C,1172,0.277304,0.328498,5.1194000000000015,0.298635,0.356655,5.802000000000001
803,12.583,arc_easy,ARC-E,2376,0.6418350168350169,0.6771885521885522,3.535353535353536,0.5883838383838383,0.6367845117845118,4.840067340067344
803,12.583,csqa,CSQA,1221,0.37919737919737917,0.36609336609336607,-1.3104013104013101,0.36036036036036034,0.361998361998362,0.16380016380016515
803,12.583,hellaswag,HellaSwag,10042,0.3603863772156941,0.3571001792471619,-0.32861979685321896,0.4455287791276638,0.4347739494124676,-1.0754829715196201
803,12.583,mmlu,MMLU,14042,0.25573280159521433,0.2419883207520296,-1.3744480843184719,0.25573280159521433,0.2419883207520296,-1.3744480843184719
803,12.583,openbookqa,OpenBookQA,500,0.208,0.198,-0.9999999999999981,0.33,0.348,1.799999999999996
803,12.583,piqa,PIQA,1838,0.6936887921653971,0.6860718171926007,-0.7616974972796453,0.6980413492927094,0.6719260065288357,-2.611534276387373
803,12.583,sciq,SciQ,1000,0.837,0.855,1.8000000000000016,0.745,0.799,5.400000000000005
803,12.583,siqa,SIQA,1954,0.38485158648925283,0.37308085977482086,-1.1770726714431967,0.42681678607983625,0.42681678607983625,0.0
803,12.583,winogrande,WinoGrande,1267,0.5272296764009471,0.5074980268350434,-1.9731649565903675,0.5019731649565904,0.5138121546961326,1.1838989739542227
803,13.631,arc_challenge,ARC-C,1172,0.296928,0.312287,1.5358999999999956,0.31058,0.331911,2.133099999999999
803,13.631,arc_easy,ARC-E,2376,0.6473063973063973,0.6788720538720538,3.1565656565656575,0.6043771043771043,0.6220538720538721,1.7676767676767735
803,13.631,csqa,CSQA,1221,0.3751023751023751,0.34807534807534807,-2.7027027027027026,0.37674037674037675,0.3570843570843571,-1.9656019656019652
803,13.631,hellaswag,HellaSwag,10042,0.36247759410476,0.36168094005178253,-0.07966540529774635,0.4479187412865963,0.44214299940250945,-0.577574188408686
803,13.631,mmlu,MMLU,14042,0.24718701039737928,0.24027916251246262,-0.6907847884916662,0.24718701039737928,0.24027916251246262,-0.6907847884916662
803,13.631,openbookqa,OpenBookQA,500,0.21,0.206,-0.40000000000000036,0.344,0.352,0.8000000000000007
803,13.631,piqa,PIQA,1838,0.7007616974972797,0.6817192600652884,-1.90424374319913,0.6920565832426551,0.6828073993471164,-0.9249183895538637
803,13.631,sciq,SciQ,1000,0.83,0.852,2.200000000000002,0.754,0.786,3.200000000000003
803,13.631,siqa,SIQA,1954,0.38382804503582396,0.37563971340839303,-0.8188331627430934,0.4314227226202661,0.4273285568065507,-0.40941658137154113
803,13.631,winogrande,WinoGrande,1267,0.531965272296764,0.5185477505919495,-1.3417521704814583,0.5035516969218626,0.5185477505919495,1.4996053670086829
803,14.68,arc_challenge,ARC-C,1172,0.290956,0.321672,3.071600000000002,0.301195,0.351536,5.034100000000002
803,14.68,arc_easy,ARC-E,2376,0.6325757575757576,0.6675084175084175,3.4932659932659926,0.6001683501683501,0.6245791245791246,2.441077441077444
803,14.68,csqa,CSQA,1221,0.3726453726453726,0.37182637182637185,-0.08190008190007703,0.36936936936936937,0.36855036855036855,-0.08190008190008258
803,14.68,hellaswag,HellaSwag,10042,0.36347341167098185,0.35988846843258315,-0.3584943238398697,0.45200159330810596,0.4386576379207329,-1.334395538737304
803,14.68,mmlu,MMLU,14042,0.2439111237715425,0.23842757441959836,-0.5483549351944145,0.2439111237715425,0.23842757441959836,-0.5483549351944145
803,14.68,openbookqa,OpenBookQA,500,0.206,0.208,0.20000000000000018,0.342,0.34,-0.20000000000000018
803,14.68,piqa,PIQA,1838,0.6942328618063112,0.690968443960827,-0.32644178454841466,0.6942328618063112,0.6866158868335147,-0.7616974972796453
803,14.68,sciq,SciQ,1000,0.84,0.835,-0.5000000000000004,0.757,0.77,1.3000000000000012
803,14.68,siqa,SIQA,1954,0.38382804503582396,0.38945752302968273,0.5629477993858767,0.4227226202661208,0.42681678607983625,0.4094165813715467
803,14.68,winogrande,WinoGrande,1267,0.5169692186266772,0.5209155485398579,0.39463299131806684,0.5114443567482242,0.5114443567482242,0.0
803,15.729,arc_challenge,ARC-C,1172,0.28157,0.322526,4.095599999999999,0.305461,0.331911,2.645000000000003
803,15.729,arc_easy,ARC-E,2376,0.6531986531986532,0.6759259259259259,2.2727272727272707,0.6039562289562289,0.6317340067340067,2.777777777777779
803,15.729,csqa,CSQA,1221,0.3677313677313677,0.36036036036036034,-0.7371007371007376,0.371007371007371,0.3669123669123669,-0.4095004095004129
803,15.729,hellaswag,HellaSwag,10042,0.36755626369249156,0.3626767576180044,-0.4879506074487172,0.4532961561441944,0.44692292372037445,-0.637323242381993
803,15.729,mmlu,MMLU,14042,0.2457627118644068,0.2458339267910554,0.007121492664860507,0.2457627118644068,0.2458339267910554,0.007121492664860507
803,15.729,openbookqa,OpenBookQA,500,0.226,0.228,0.20000000000000018,0.342,0.35,0.7999999999999952
803,15.729,piqa,PIQA,1838,0.7067464635473341,0.6947769314472253,-1.196953210010876,0.7029379760609358,0.6784548422198041,-2.4483133841131655
803,15.729,sciq,SciQ,1000,0.84,0.842,0.20000000000000018,0.767,0.784,1.7000000000000015
803,15.729,siqa,SIQA,1954,0.390992835209826,0.387410440122825,-0.3582395087000978,0.4293756397134084,0.4242579324462641,-0.5117707267144334
803,15.729,winogrande,WinoGrande,1267,0.5272296764009471,0.5130228887134964,-1.420678768745065,0.5130228887134964,0.5122336227308603,-0.07892659826361781
803,16.777,arc_challenge,ARC-C,1172,0.275597,0.319113,4.3515999999999995,0.312287,0.340444,2.815700000000004
803,16.777,arc_easy,ARC-E,2376,0.6388888888888888,0.6910774410774411,5.218855218855223,0.5951178451178452,0.63510101010101,3.99831649831649
803,16.777,csqa,CSQA,1221,0.34725634725634724,0.37428337428337427,2.7027027027027026,0.36609336609336607,0.361998361998362,-0.40950040950040734
803,16.777,hellaswag,HellaSwag,10042,0.3693487353116909,0.364070902210715,-0.5277833100975904,0.4592710615415256,0.451503684524995,-0.7767377016530574
803,16.777,mmlu,MMLU,14042,0.23992308787921948,0.24398233869819114,0.4059250818971655,0.23992308787921948,0.24398233869819114,0.4059250818971655
803,16.777,openbookqa,OpenBookQA,500,0.228,0.21,-1.8000000000000016,0.346,0.322,-2.399999999999997
803,16.777,piqa,PIQA,1838,0.7072905331882481,0.6958650707290533,-1.1425462459194735,0.704570184983678,0.6882480957562568,-1.6322089227421177
803,16.777,sciq,SciQ,1000,0.834,0.858,2.400000000000002,0.764,0.805,4.100000000000003
803,16.777,siqa,SIQA,1954,0.37717502558853633,0.37768679631525076,0.051177072671443335,0.4196519959058342,0.42835209825997955,0.8700102354145367
803,16.777,winogrande,WinoGrande,1267,0.5098658247829518,0.5090765588003157,-0.07892659826361781,0.5067087608524072,0.5114443567482242,0.47355958958169575
803,17.826,arc_challenge,ARC-C,1172,0.290956,0.320819,2.9863000000000026,0.312287,0.337884,2.559700000000004
803,17.826,arc_easy,ARC-E,2376,0.6468855218855218,0.6835016835016835,3.6616161616161658,0.5791245791245792,0.6292087542087542,5.008417508417507
803,17.826,csqa,CSQA,1221,0.34561834561834565,0.3955773955773956,4.995904995904993,0.3521703521703522,0.37182637182637185,1.9656019656019652
803,17.826,hellaswag,HellaSwag,10042,0.3708424616610237,0.3647679745070703,-0.6074487153953367,0.46415056761601275,0.4534953196574388,-1.0655247958573977
803,17.826,mmlu,MMLU,14042,0.24376869391824527,0.23508047286711295,-0.8688221051132317,0.24376869391824527,0.23508047286711295,-0.8688221051132317
803,17.826,openbookqa,OpenBookQA,500,0.234,0.214,-2.0000000000000018,0.34,0.338,-0.20000000000000018
803,17.826,piqa,PIQA,1838,0.6996735582154516,0.7018498367791077,0.21762785636560977,0.7029379760609358,0.6882480957562568,-1.4689880304678993
803,17.826,sciq,SciQ,1000,0.841,0.861,2.0000000000000018,0.748,0.799,5.100000000000005
803,17.826,siqa,SIQA,1954,0.3812691914022518,0.3925281473899693,1.1258955987717478,0.43091095189355166,0.4278403275332651,-0.30706243602865446
803,17.826,winogrande,WinoGrande,1267,0.5201262825572218,0.5090765588003157,-1.104972375690616,0.5122336227308603,0.5122336227308603,0.0
803,18.35,arc_challenge,ARC-C,1172,0.280717,0.335324,5.460700000000002,0.305461,0.346416,4.095500000000002
803,18.35,arc_easy,ARC-E,2376,0.648989898989899,0.696969696969697,4.797979797979801,0.5921717171717171,0.6557239057239057,6.355218855218858
803,18.35,csqa,CSQA,1221,0.35053235053235055,0.38984438984438985,3.9312039312039304,0.3488943488943489,0.3857493857493858,3.6855036855036882
803,18.35,hellaswag,HellaSwag,10042,0.37402907787293366,0.37004580760804623,-0.39832702648874285,0.4662417845050787,0.45498904600677154,-1.1252738498307158
803,18.35,mmlu,MMLU,14042,0.2444096282580829,0.24825523429710866,0.3845606039025756,0.2444096282580829,0.24825523429710866,0.3845606039025756
803,18.35,openbookqa,OpenBookQA,500,0.234,0.208,-2.6000000000000023,0.35,0.356,0.6000000000000005
803,18.35,piqa,PIQA,1838,0.7040261153427638,0.6996735582154516,-0.43525571273121955,0.7078346028291621,0.6871599564744287,-2.0674646354733373
803,18.35,sciq,SciQ,1000,0.843,0.859,1.6000000000000014,0.756,0.807,5.100000000000005
803,18.35,siqa,SIQA,1954,0.38843398157625386,0.38485158648925283,-0.35823950870010335,0.4242579324462641,0.42835209825997955,0.4094165813715467
803,18.35,winogrande,WinoGrande,1267,0.5272296764009471,0.5153906866614049,-1.1838989739542227,0.5130228887134964,0.5114443567482242,-0.15785319652722452
803,18.874,arc_challenge,ARC-C,1172,0.292662,0.331911,3.9249000000000036,0.294369,0.350683,5.631400000000003
803,18.874,arc_easy,ARC-E,2376,0.6590909090909091,0.6877104377104377,2.8619528619528656,0.6111111111111112,0.6338383838383839,2.2727272727272707
803,18.874,csqa,CSQA,1221,0.37346437346437344,0.38656838656838655,1.3104013104013101,0.36855036855036855,0.36363636363636365,-0.4914004914004899
803,18.874,hellaswag,HellaSwag,10042,0.37880900219079866,0.37183827922724555,-0.6970722963553111,0.47211710814578767,0.46036646086436966,-1.1750647281418003
803,18.874,mmlu,MMLU,14042,0.24797037459051416,0.24704458054408204,-0.09257940464321157,0.24797037459051416,0.24704458054408204,-0.09257940464321157
803,18.874,openbookqa,OpenBookQA,500,0.232,0.204,-2.8000000000000025,0.348,0.346,-0.20000000000000018
803,18.874,piqa,PIQA,1838,0.6991294885745375,0.7002176278563657,0.10881392818281599,0.70620239390642,0.6974972796517954,-0.8705114254624613
803,18.874,sciq,SciQ,1000,0.838,0.853,1.5000000000000013,0.757,0.794,3.7000000000000033
803,18.874,siqa,SIQA,1954,0.3781985670419652,0.387410440122825,0.92118730808598,0.4263050153531218,0.42681678607983625,0.051177072671443335
803,18.874,winogrande,WinoGrande,1267,0.5311760063141279,0.5193370165745856,-1.1838989739542227,0.5122336227308603,0.5232833464877664,1.104972375690616
803,19.923,arc_challenge,ARC-C,1172,0.291809,0.336177,4.436800000000002,0.317406,0.350683,3.3277
803,19.923,arc_easy,ARC-E,2376,0.6658249158249159,0.6978114478114478,3.1986531986531896,0.6182659932659933,0.6502525252525253,3.1986531986532007
803,19.923,csqa,CSQA,1221,0.3783783783783784,0.4086814086814087,3.0303030303030276,0.3669123669123669,0.3832923832923833,1.6380016380016404
803,19.923,hellaswag,HellaSwag,10042,0.38189603664608646,0.37651862178848833,-0.5377414857598128,0.47699661422027484,0.4658434574785899,-1.1153156741684933
803,19.923,mmlu,MMLU,14042,0.24512177752456915,0.2419883207520296,-0.3133456772539539,0.24512177752456915,0.2419883207520296,-0.3133456772539539
803,19.923,openbookqa,OpenBookQA,500,0.224,0.208,-1.6000000000000014,0.348,0.336,-1.1999999999999955
803,19.923,piqa,PIQA,1838,0.7154515778019587,0.7094668117519043,-0.598476605005438,0.7132752992383025,0.705114254624592,-0.8161044613710478
803,19.923,sciq,SciQ,1000,0.859,0.862,0.30000000000000027,0.771,0.815,4.399999999999993
803,19.923,siqa,SIQA,1954,0.38229273285568066,0.390992835209826,0.8700102354145312,0.4344933469805527,0.43091095189355166,-0.35823950870010335
803,19.923,winogrande,WinoGrande,1267,0.5240726124704025,0.5217048145224941,-0.23677979479084232,0.4972375690607735,0.516179952644041,1.8942383583267552
803,19.999,arc_challenge,ARC-C,1172,0.291809,0.340444,4.863500000000004,0.3157,0.346416,3.071600000000002
803,19.999,arc_easy,ARC-E,2376,0.6654040404040404,0.6952861952861953,2.9882154882154843,0.6182659932659933,0.6515151515151515,3.3249158249158195
803,19.999,csqa,CSQA,1221,0.37674037674037675,0.4103194103194103,3.357903357903358,0.36855036855036855,0.3857493857493858,1.719901719901723
803,19.999,hellaswag,HellaSwag,10042,0.38129854610635333,0.37562238597888864,-0.5676160127464691,0.47918741286596295,0.465345548695479,-1.3841864170483942
803,19.999,mmlu,MMLU,14042,0.2461187864976499,0.24063523714570573,-0.5483549351944172,0.2461187864976499,0.24063523714570573,-0.5483549351944172
803,19.999,openbookqa,OpenBookQA,500,0.226,0.206,-2.0000000000000018,0.352,0.338,-1.3999999999999957
803,19.999,piqa,PIQA,1838,0.7121871599564744,0.70620239390642,-0.598476605005438,0.7121871599564744,0.7007616974972797,-1.1425462459194735
803,19.999,sciq,SciQ,1000,0.859,0.861,0.20000000000000018,0.77,0.815,4.499999999999993
803,19.999,siqa,SIQA,1954,0.3812691914022518,0.3925281473899693,1.1258955987717478,0.436028659160696,0.43193449334698053,-0.4094165813715467
803,19.999,winogrande,WinoGrande,1267,0.5201262825572218,0.516179952644041,-0.39463299131807794,0.49329123914759276,0.5169692186266772,2.3677979479084454
